player,gp,g,a,pts,team,pos,toi,cf,ca,cf_perc,ff,fa,ff_perc,sf,sa,sf_perc,gf,ga,gf_perc,xgf,xga,xgf_perc,scf,sca,scf_perc,hdcf,hdca,hdcf_perc,hdgf,hdga,hdgf_perc,mdcf,mdca,mdcf_perc,mdgf,mdga,mdgf_perc,ldcf,ldcf_perc,ldgf,ldga,ldgf_perc,oicesh_perc,oicesv_perc,pdo
Aaron Ekblad,56,17,22,39,FLA,D,975.2333,914,744,55.13,706,561,55.72,525,419,55.61,46,28,62.16,39.17,32.20,54.89,447,371,54.65,167,147,53.18,23,22,51.11,280,224,55.56,13,4,76.47,420,324,10,2,83.33,8.76,93.32,1.021
Adam Henrique,66,18,18,36,ANA,C,858.0167,830,780,51.55,594,605,49.54,431,438,49.60,39,37,51.32,35.42,36.03,49.57,411,373,52.42,174,150,53.70,22,26,45.83,237,223,51.52,13,9,59.09,342,366,4,2,66.67,9.05,91.55,1.006
Adam Lowry,73,12,16,28,WPG,C,877.0667,751,796,48.55,551,605,47.66,384,425,47.47,30,29,50.85,28.29,32.86,46.27,335,372,47.38,129,160,44.64,18,14,56.25,206,212,49.28,11,9,55.00,350,369,1,5,16.67,7.81,93.18,1.010
Adam Pelech,69,4,12,16,NYI,D,1223.9833,1094,1035,51.39,835,757,52.45,626,543,53.55,55,38,59.14,49.21,36.20,57.62,583,469,55.42,246,162,60.29,37,23,61.67,337,307,52.33,10,7,58.82,447,501,8,8,50.00,8.79,93.00,1.018
Alex Chiasson,62,11,10,21,"EDM, VAN",R,536.6333,410,519,44.13,299,377,44.23,220,277,44.27,15,23,39.47,13.77,19.27,41.68,170,236,41.87,54,84,39.13,6,13,31.58,116,152,43.28,5,9,35.71,206,251,3,1,75.00,6.82,91.70,0.985
Alex Formenton,36,6,3,9,OTT,L,373.1333,286,381,42.88,214,275,43.76,156,196,44.32,12,16,42.86,11.23,14.58,43.50,151,168,47.34,53,66,44.54,7,6,53.85,98,102,49.00,3,5,37.50,120,183,2,5,28.57,7.69,91.84,0.995
Alex Killorn,76,23,28,51,T.B,L,945.4167,863,766,52.98,663,608,52.16,480,463,50.90,43,39,52.44,33.01,32.69,50.24,405,392,50.82,146,158,48.03,26,24,52.00,259,234,52.54,7,12,36.84,404,335,10,3,76.92,8.96,91.58,1.005
Alex Pietrangelo,62,11,24,35,VGK,D,1148.0667,1179,1104,51.64,861,801,51.81,639,582,52.33,63,51,55.26,48.92,51.30,48.82,581,573,50.35,231,236,49.46,36,30,54.55,350,337,50.95,18,14,56.25,497,441,8,7,53.33,9.86,91.24,1.011
Alexander Kerfoot,79,12,25,37,TOR,C,957.3167,818,835,49.49,609,628,49.23,436,443,49.60,42,33,56.00,33.18,33.44,49.81,410,418,49.52,146,158,48.03,22,20,52.38,264,260,50.38,16,10,61.54,367,361,4,3,57.14,9.63,92.55,1.022
Alexandre Carrier,37,3,7,10,NSH,D,608.4333,536,547,49.49,407,414,49.57,284,301,48.55,19,15,55.88,21.22,19.84,51.68,241,249,49.18,95,73,56.55,13,7,65.00,146,176,45.34,4,6,40.00,261,263,2,2,50.00,6.69,95.02,1.017
Alexis Lafreni√®re,76,17,10,27,NYR,L,910.4500,785,905,46.45,614,688,47.16,443,500,46.98,38,40,48.72,36.16,38.98,48.13,404,474,46.01,173,188,47.92,22,20,52.38,231,286,44.68,11,13,45.83,324,371,5,7,41.67,8.58,92.00,1.006
Andreas Athanasiou,55,12,16,28,L.A,C,701.6833,616,655,48.47,470,480,49.47,346,337,50.66,30,30,50.00,26.39,31.17,45.85,310,361,46.20,124,149,45.42,21,13,61.76,186,212,46.73,8,8,50.00,262,251,1,8,11.11,8.67,91.10,0.998
Andrew Cogliano,74,7,9,16,"DAL, S.J",C,867.9167,755,707,51.64,560,518,51.95,406,361,52.93,19,30,38.78,28.07,26.14,51.79,347,330,51.26,126,121,51.01,12,14,46.15,221,209,51.40,4,11,26.67,353,328,3,5,37.50,4.68,91.69,0.964
Andrew Mangiapane,77,33,16,49,CGY,L,966.3667,1000,784,56.05,762,606,55.70,549,424,56.42,45,33,57.69,42.99,29.69,59.15,506,364,58.16,206,136,60.23,25,19,56.82,300,228,56.82,16,10,61.54,437,373,4,4,50.00,8.20,92.22,1.004
Anthony Beauvillier,63,18,17,35,NYI,L,860.5500,709,812,46.61,532,613,46.46,400,434,47.96,41,28,59.42,33.91,31.46,51.88,396,400,49.75,168,144,53.85,29,19,60.42,228,256,47.11,9,5,64.29,275,370,3,4,42.86,10.25,93.55,1.038
Anthony Cirelli,70,15,19,34,T.B,C,907.1000,825,717,53.50,633,538,54.06,463,394,54.03,33,35,48.53,33.18,29.06,53.31,410,393,51.06,155,145,51.67,19,17,52.78,255,248,50.70,8,14,36.36,369,280,6,4,60.00,7.13,91.12,0.982
Anthony Duclair,62,19,30,49,FLA,L,804.5167,855,629,57.61,666,491,57.56,507,362,58.34,53,21,71.62,39.13,26.83,59.33,445,320,58.17,183,124,59.61,28,12,70.00,262,196,57.21,14,7,66.67,372,268,11,2,84.62,10.45,94.20,1.047
Anthony Mantha,66,17,18,35,"DET, WSH",R,919.5500,816,769,51.48,620,603,50.70,446,425,51.21,38,44,46.34,32.43,30.72,51.35,394,363,52.05,151,148,50.50,26,26,50.00,243,215,53.06,7,13,35.00,369,347,5,5,50.00,8.52,89.65,0.982
Austin Wagner,44,4,4,8,L.A,L,449.6333,368,398,48.04,295,309,48.84,211,218,49.18,11,24,31.43,14.67,17.47,45.64,165,206,44.47,68,87,43.87,9,15,37.50,97,119,44.91,1,7,12.50,175,161,1,2,33.33,5.21,88.99,0.942
Barclay Goodrow,75,9,20,29,"NYR, T.B",C,924.3333,830,778,51.62,651,581,52.84,479,424,53.05,42,34,55.26,36.24,32.19,52.96,431,402,51.74,180,149,54.71,28,20,58.33,251,253,49.80,7,11,38.89,349,323,7,3,70.00,8.77,91.98,1.007
Barrett Hayton,29,4,2,6,ARI,C,313.4000,270,294,47.87,209,219,48.83,145,161,47.39,9,9,50.00,11.01,12.95,45.95,123,145,45.90,52,61,46.02,3,6,33.33,71,84,45.81,5,2,71.43,136,127,1,1,50.00,6.21,94.41,1.006
Ben Chiarot,64,5,7,12,MTL,D,1149.8833,1092,1036,51.32,791,796,49.84,584,569,50.65,35,51,40.70,42.16,41.74,50.25,522,483,51.94,204,205,49.88,19,34,35.85,318,278,53.36,13,13,50.00,484,473,3,4,42.86,5.99,91.04,0.970
Ben Harpur,38,0,7,7,NSH,D,540.5500,389,502,43.66,317,386,45.09,233,292,44.38,19,22,46.34,16.88,21.51,43.97,194,234,45.33,80,115,41.03,13,15,46.43,114,119,48.93,4,5,44.44,174,236,2,2,50.00,8.15,92.47,1.006
Ben Hutton,45,1,6,7,"ANA, TOR, VGK",D,697.1000,586,654,47.26,444,497,47.18,315,368,46.12,19,35,35.19,24.02,29.88,44.57,278,326,46.03,113,143,44.14,9,17,34.62,165,183,47.41,7,12,36.84,253,295,3,6,33.33,6.03,90.49,0.965
Blake Comeau,57,5,10,15,DAL,L,759.2833,666,627,51.51,485,452,51.76,369,300,55.16,19,29,39.58,25.18,22.67,52.63,306,278,52.40,114,110,50.89,10,15,40.00,192,168,53.33,7,10,41.18,303,293,2,4,33.33,5.15,90.33,0.955
Bo Horvat,78,25,25,50,VAN,C,1143.2833,1101,1136,49.22,827,835,49.76,636,639,49.88,45,49,47.87,41.63,48.42,46.23,483,566,46.04,178,211,45.76,23,31,42.59,305,355,46.21,13,15,46.43,520,506,9,3,75.00,7.08,92.33,0.994
Boone Jenner,60,18,13,31,CBJ,C,850.1000,775,887,46.63,602,652,48.01,435,472,47.96,28,42,40.00,31.84,35.52,47.27,367,387,48.67,140,168,45.45,19,27,41.30,227,219,50.90,6,7,46.15,344,445,3,8,27.27,6.44,91.10,0.975
Bowen Byram,31,4,7,11,COL,D,510.3500,527,399,56.91,366,297,55.20,266,213,55.53,22,15,59.46,20.42,16.85,54.79,268,184,59.29,84,75,52.83,11,8,57.89,184,109,62.80,7,5,58.33,231,173,4,2,66.67,8.27,92.96,1.012
Brad Marchand,71,38,55,93,BOS,"C, L",930.6500,1048,645,61.90,827,492,62.70,630,369,63.06,59,36,62.11,40.37,26.58,60.30,464,320,59.18,161,123,56.69,28,19,59.57,303,197,60.60,18,11,62.07,525,285,12,6,66.67,9.37,90.24,0.996
Brad Richardson,29,3,4,7,"CGY, NSH",R,290.6333,242,260,48.21,192,186,50.79,130,133,49.43,7,7,50.00,8.61,8.98,48.94,111,110,50.23,41,50,45.05,5,4,55.56,70,60,53.85,2,2,50.00,110,130,0,1,0.00,5.38,94.74,1.001
Brandon Hagel,70,16,17,33,CHI,L,869.7000,777,824,48.53,538,617,46.58,410,457,47.29,30,44,40.54,28.63,35.45,44.68,369,398,48.11,144,157,47.84,21,25,45.65,225,241,48.28,6,13,31.58,343,374,3,6,33.33,7.32,90.37,0.977
Brandon Montour,71,9,19,28,"BUF, FLA",D,1180.0167,1166,1087,51.75,895,851,51.26,667,638,51.11,50,48,51.02,46.59,47.21,49.67,556,519,51.72,224,229,49.45,31,27,53.45,332,290,53.38,14,9,60.87,538,511,5,12,29.41,7.50,92.48,1.000
Brandon Sutter,43,9,3,12,VAN,C,503.9667,431,536,44.57,341,399,46.08,254,294,46.35,16,25,39.02,17.78,23.44,43.13,194,275,41.36,79,95,45.40,8,13,38.10,115,180,38.98,5,9,35.71,191,226,3,3,50.00,6.30,91.50,0.978
Brandon Tanev,53,14,12,26,"PIT, SEA",L,638.0667,515,536,49.00,389,383,50.39,279,289,49.12,24,22,52.17,22.59,19.83,53.25,237,242,49.48,110,88,55.56,16,14,53.33,127,154,45.20,4,4,50.00,239,259,3,4,42.86,8.60,92.39,1.010
Brayden McNabb,62,4,10,14,VGK,D,998.9333,914,869,51.26,678,625,52.03,473,449,51.30,39,39,50.00,42.07,38.02,52.52,488,414,54.10,200,186,51.81,18,30,37.50,288,228,55.81,13,6,68.42,358,382,7,3,70.00,8.25,91.31,0.996
Brayden Point,72,30,31,61,T.B,C,1008.5500,949,849,52.78,730,626,53.83,527,480,52.33,49,41,54.44,43.27,30.66,58.53,521,425,55.07,198,147,57.39,32,21,60.38,323,278,53.74,11,12,47.83,379,361,6,8,42.86,9.30,91.46,1.008
Brayden Schenn,68,19,23,42,STL,C,972.8167,800,912,46.73,581,668,46.52,448,495,47.51,42,42,50.00,33.54,38.30,46.69,425,447,48.74,142,180,44.10,23,23,50.00,283,267,51.45,14,14,50.00,318,405,5,5,50.00,9.38,91.52,1.009
Braydon Coburn,19,0,2,2,"NYI, OTT",D,250.0833,212,281,43.00,165,200,45.21,117,151,43.66,9,13,40.91,9.01,11.35,44.25,88,129,40.55,47,51,47.96,7,6,53.85,41,78,34.45,1,4,20.00,103,130,1,3,25.00,7.69,91.39,0.991
Brendan Gallagher,57,18,15,33,MTL,R,718.0333,818,620,56.88,606,464,56.64,432,333,56.47,39,23,62.90,32.13,26.06,55.22,387,298,56.50,160,129,55.36,23,16,58.97,227,169,57.32,10,5,66.67,375,270,6,2,75.00,9.03,93.09,1.021
Brendan Lemieux,63,8,8,16,"L.A, NYR",L,610.2167,497,579,46.19,380,427,47.09,274,297,47.99,21,17,55.26,19.42,24.25,44.47,221,289,43.33,94,121,43.72,15,10,60.00,127,168,43.05,3,4,42.86,235,244,3,3,50.00,7.66,94.28,1.019
Brendan Smith,57,7,5,12,"CAR, NYR",D,820.5167,662,726,47.69,507,554,47.79,380,406,48.35,45,38,54.22,26.67,30.36,46.77,300,350,46.15,112,145,43.58,22,24,47.83,188,205,47.84,10,9,52.63,312,325,13,5,72.22,11.84,90.64,1.025
Brenden Dillon,77,2,20,22,"WPG, WSH",D,1291.4667,1175,1133,50.91,885,866,50.54,628,621,50.28,69,52,57.02,47.58,45.54,51.09,563,517,52.13,216,198,52.17,38,33,53.52,347,319,52.10,18,15,54.55,525,524,13,4,76.47,10.99,91.63,1.026
Brent Burns,77,8,33,41,S.J,D,1483.9500,1288,1474,46.63,954,1086,46.76,701,773,47.56,62,70,46.97,56.74,59.09,48.99,678,691,49.53,283,277,50.54,43,34,55.84,395,414,48.83,12,22,35.29,517,697,7,14,33.33,8.84,90.94,0.998
Brett Connolly,31,3,3,6,"CHI, FLA",R,344.4833,284,284,50.00,215,220,49.43,168,163,50.76,11,10,52.38,10.95,12.15,47.40,119,134,47.04,43,54,44.33,3,5,37.50,76,80,48.72,6,1,85.71,140,134,2,4,33.33,6.55,93.87,1.004
Brett Howden,59,3,8,11,"NYR, VGK",C,587.5167,485,569,46.02,368,420,46.70,265,299,46.99,18,19,48.65,20.74,24.13,46.22,224,268,45.53,107,108,49.77,10,17,37.04,117,160,42.24,6,0,100.00,220,256,2,2,50.00,6.79,93.65,1.004
Brett Kulak,66,2,11,13,MTL,D,1037.7000,984,832,54.19,701,606,53.63,525,430,54.97,37,39,48.68,36.90,33.75,52.23,459,398,53.56,175,167,51.17,21,26,44.68,284,231,55.15,9,10,47.37,456,360,7,3,70.00,7.05,90.93,0.980
Brett Ritchie,41,4,4,8,CGY,R,431.9833,374,339,52.45,289,265,52.17,203,194,51.13,15,17,46.88,15.27,15.45,49.70,195,167,53.87,73,70,51.05,7,8,46.67,122,97,55.71,7,8,46.67,159,147,1,1,50.00,7.39,91.24,0.986
Brock McGinn,58,13,9,22,"CAR, PIT",L,725.3333,662,646,50.61,508,491,50.85,369,353,51.11,28,23,54.90,28.57,26.45,51.93,314,309,50.40,149,123,54.78,23,15,60.53,165,186,47.01,3,7,30.00,296,301,2,1,66.67,7.59,93.48,1.011
Cal Clutterbuck,67,6,7,13,NYI,R,748.4167,527,676,43.81,404,496,44.89,302,350,46.32,21,32,39.62,22.42,24.53,47.75,265,320,45.30,119,110,51.97,15,17,46.88,146,210,41.01,2,9,18.18,220,320,4,6,40.00,6.95,90.86,0.978
Cal Foote,46,1,3,4,T.B,D,553.8833,486,456,51.59,384,338,53.19,284,265,51.73,28,17,62.22,21.48,18.22,54.10,254,249,50.50,103,94,52.28,17,8,68.00,151,155,49.35,5,7,41.67,211,177,6,2,75.00,9.86,93.58,1.034
Cale Makar,60,17,47,64,COL,D,1085.3667,1164,804,59.15,834,615,57.56,585,447,56.69,64,45,58.72,48.16,31.88,60.17,559,373,59.98,219,149,59.51,27,19,58.70,340,224,60.28,24,22,52.17,534,362,13,4,76.47,10.94,89.93,1.009
Calvin de Haan,64,1,9,10,CHI,D,1022.6667,885,928,48.81,652,674,49.17,487,503,49.19,29,54,34.94,33.64,38.59,46.57,421,472,47.14,142,168,45.81,14,37,27.45,279,304,47.86,10,11,47.62,396,379,5,6,45.45,5.95,89.26,0.952
Carson Soucy,65,3,19,22,"MIN, SEA",D,928.4833,684,877,43.82,537,641,45.59,395,442,47.19,45,28,61.64,30.25,31.55,48.94,328,368,47.13,137,125,52.29,25,14,64.10,191,243,44.01,16,8,66.67,310,430,4,6,40.00,11.39,93.67,1.051
Carter Rowney,30,2,6,8,"ANA, DET",C,324.7667,239,334,41.71,175,242,41.97,128,158,44.76,9,15,37.50,8.54,13.40,38.93,93,157,37.20,35,56,38.46,6,9,40.00,58,101,36.48,2,4,33.33,110,154,1,2,33.33,7.03,90.51,0.975
Carter Verhaeghe,64,25,27,52,FLA,C,937.2500,1021,746,57.78,772,571,57.48,576,417,58.01,53,23,69.74,46.52,30.87,60.11,527,369,58.82,219,130,62.75,31,17,64.58,308,239,56.31,14,5,73.68,450,325,8,1,88.89,9.20,94.48,1.037
Casey Cizikas,72,7,8,15,NYI,C,825.9333,568,742,43.36,428,553,43.63,322,379,45.93,22,30,42.31,23.69,26.93,46.80,288,354,44.86,121,122,49.79,15,15,50.00,167,232,41.85,4,8,33.33,237,339,3,7,30.00,6.83,92.08,0.989
Chandler Stephenson,72,22,33,55,VGK,C,1015.6000,977,937,51.04,742,661,52.89,549,493,52.69,68,49,58.12,42.17,40.05,51.29,475,466,50.48,184,189,49.33,37,31,54.41,291,277,51.23,24,13,64.86,420,392,6,5,54.55,12.39,90.06,1.024
Chris Tierney,74,11,14,25,OTT,C,910.7500,784,856,47.80,583,652,47.21,410,475,46.33,29,51,36.25,28.34,35.00,44.74,359,398,47.42,118,152,43.70,16,24,40.00,241,246,49.49,8,22,26.67,360,397,5,5,50.00,7.07,89.26,0.963
Christopher Tanev,77,3,14,17,CGY,D,1340.0667,1231,1005,55.05,946,747,55.88,676,529,56.10,52,34,60.47,51.93,35.84,59.16,632,444,58.74,250,153,62.03,31,22,58.49,382,291,56.76,16,9,64.00,518,481,4,3,57.14,7.69,93.57,1.013
Claude Giroux,74,23,37,60,PHI,C,1013.3167,1041,822,55.88,794,637,55.49,577,473,54.95,50,57,46.73,41.57,36.32,53.37,469,408,53.48,182,168,52.00,33,32,50.77,287,240,54.46,10,16,38.46,497,358,7,8,46.67,8.67,87.95,0.966
Cody Ceci,73,5,18,23,"EDM, PIT",D,1173.4333,977,1029,48.70,727,782,48.18,542,588,47.96,56,46,54.90,39.95,42.23,48.61,458,491,48.26,180,201,47.24,40,28,58.82,278,290,48.94,10,13,43.48,441,473,6,5,54.55,10.33,92.18,1.025
Cody Eakin,62,6,7,13,BUF,C,699.6000,480,702,40.61,377,549,40.71,297,402,42.49,19,36,34.55,17.42,28.74,37.74,184,316,36.80,82,127,39.23,9,19,32.14,102,189,35.05,6,11,35.29,249,351,4,6,40.00,6.40,91.04,0.974
Cody Glass,29,4,6,10,"NSH, VGK",C,344.4500,294,290,50.34,197,196,50.13,143,150,48.81,12,7,63.16,11.70,11.85,49.68,150,133,53.00,51,51,50.00,4,4,50.00,99,82,54.70,5,2,71.43,122,131,3,1,75.00,8.39,95.33,1.037
Cole Sillinger,19,4,5,9,CBJ,C,227.7833,208,221,48.48,144,170,45.86,115,124,48.12,9,13,40.91,9.10,9.09,50.01,108,121,47.16,38,47,44.71,5,4,55.56,70,74,48.61,4,7,36.36,82,89,0,2,0.00,7.83,89.52,0.973
Colin Miller,69,6,17,23,BUF,D,1097.8500,912,964,48.61,706,754,48.36,505,547,48.00,40,54,42.55,34.33,42.14,44.89,392,470,45.48,164,196,45.56,20,30,40.00,228,274,45.42,10,15,40.00,458,451,10,9,52.63,7.92,90.13,0.980
Colton Parayko,53,3,18,21,STL,D,996.1833,805,950,45.87,608,712,46.06,472,518,47.68,36,45,44.44,32.04,38.97,45.12,393,432,47.64,141,163,46.38,16,24,40.00,252,269,48.37,14,13,51.85,353,443,6,8,42.86,7.63,91.31,0.989
Colton Sceviour,57,5,6,11,"EDM, PIT","C, R",456.3167,355,365,49.31,270,279,49.18,215,208,50.83,15,19,44.12,13.80,14.79,48.27,168,144,53.85,60,66,47.62,12,14,46.15,108,78,58.06,3,3,50.00,157,182,0,2,0.00,6.98,90.87,0.978
Colton Sissons,75,10,11,21,NSH,C,864.1333,672,775,46.44,518,597,46.46,358,431,45.37,30,32,48.39,26.44,31.19,45.88,304,343,46.99,134,132,50.38,20,15,57.14,170,211,44.62,6,10,37.50,330,373,4,7,36.36,8.38,92.58,1.010
Connor Brown,71,25,20,45,OTT,R,966.9500,899,907,49.78,664,673,49.66,474,487,49.32,41,51,44.57,32.38,38.84,45.47,410,460,47.13,140,197,41.54,20,28,41.67,270,263,50.66,17,18,48.57,417,391,4,4,50.00,8.65,89.53,0.982
Connor Bunnaman,20,0,1,1,PHI,C,208.4167,148,190,43.79,102,142,41.80,73,101,41.95,3,11,21.43,4.69,8.85,34.62,63,93,40.38,18,46,28.13,1,7,12.50,45,47,48.91,1,2,33.33,70,84,1,2,33.33,4.11,89.11,0.932
Connor McDavid,76,47,94,141,EDM,C,1276.8167,1395,1142,54.99,1048,889,54.10,791,660,54.51,83,64,56.46,65.68,50.95,56.31,717,594,54.69,293,239,55.08,41,31,56.94,424,355,54.43,32,19,62.75,592,460,10,13,43.48,10.49,90.30,1.008
Connor McMichael,21,2,5,7,WSH,C,236.3833,242,199,54.88,194,149,56.56,140,103,57.61,10,11,47.62,11.17,7.69,59.22,132,84,61.11,49,38,56.32,5,5,50.00,83,46,64.34,3,4,42.86,102,91,2,2,50.00,7.14,89.32,0.965
Conor Timmins,37,0,7,7,"ARI, COL",D,484.2000,485,377,56.26,360,290,55.38,248,210,54.15,20,19,51.28,20.31,15.23,57.15,222,175,55.92,97,66,59.51,15,8,65.22,125,109,53.42,3,6,33.33,222,180,2,5,28.57,8.06,90.95,0.990
Corey Perry,69,11,15,26,"MTL, T.B",R,768.9000,680,633,51.79,510,467,52.20,370,339,52.19,20,21,48.78,27.31,23.65,53.59,337,312,51.93,140,101,58.09,13,10,56.52,197,211,48.28,4,9,30.77,300,267,3,2,60.00,5.41,93.81,0.992
Curtis Lazar,63,7,9,16,"BOS, BUF",C,685.3333,513,601,46.05,410,465,46.86,295,335,46.83,16,25,39.02,23.34,23.13,50.23,243,259,48.41,110,94,53.92,10,14,41.67,133,165,44.63,3,6,33.33,234,312,3,5,37.50,5.42,92.54,0.980
Damon Severson,74,4,21,25,N.J,D,1260.4833,1209,1099,52.38,914,864,51.41,651,640,50.43,37,50,42.53,51.71,47.66,52.03,594,533,52.71,215,198,52.06,17,30,36.17,379,335,53.08,14,12,53.85,559,518,6,8,42.86,5.68,92.19,0.979
Dante Fabbro,61,2,14,16,NSH,D,1031.6000,948,937,50.29,760,712,51.63,541,533,50.37,36,35,50.70,39.13,36.07,52.03,461,441,51.11,177,167,51.45,17,23,42.50,284,274,50.90,13,8,61.90,436,443,6,4,60.00,6.65,93.43,1.001
Danton Heinen,64,13,10,23,"ANA, PIT",L,759.3333,708,709,49.96,532,523,50.43,367,389,48.54,29,34,46.03,29.58,30.28,49.42,344,360,48.86,127,134,48.66,10,22,31.25,217,226,48.98,16,9,64.00,318,312,3,3,50.00,7.90,91.26,0.992
Darnell Nurse,72,16,31,47,EDM,D,1482.9000,1508,1390,52.04,1157,1117,50.88,857,845,50.35,85,70,54.84,68.43,62.71,52.18,755,691,52.21,302,278,52.07,37,36,50.68,453,413,52.31,38,18,67.86,650,604,8,15,34.78,9.92,91.72,1.016
Darren Helm,65,5,7,12,"COL, DET","C, L",758.0000,648,699,48.11,462,525,46.81,352,391,47.38,16,26,38.10,24.21,28.55,45.89,294,319,47.96,112,125,47.26,11,14,44.00,182,194,48.40,3,8,27.27,291,327,2,4,33.33,4.55,93.35,0.979
David Perron,76,26,50,76,STL,L,1079.9333,955,888,51.82,698,662,51.32,534,482,52.56,40,36,52.63,35.16,37.88,48.14,454,449,50.28,138,181,43.26,19,19,50.00,316,268,54.11,15,12,55.56,421,371,6,5,54.55,7.49,92.53,1.000
David Savard,77,1,9,10,"CBJ, MTL, T.B",D,1310.4333,1061,1288,45.17,791,959,45.20,589,702,45.62,27,71,27.55,41.29,50.31,45.08,482,607,44.26,192,215,47.17,14,44,24.14,290,392,42.52,9,14,39.13,492,599,4,13,23.53,4.58,89.89,0.945
Dawson Mercer,19,6,8,14,N.J,C,243.6333,257,231,52.66,199,169,54.08,149,120,55.39,19,7,73.08,11.63,9.21,55.79,136,121,52.92,65,42,60.75,13,5,72.22,71,79,47.33,5,2,71.43,105,100,1,0,100.00,12.75,94.17,1.069
Dennis Cholowski,19,1,2,3,"DET, WSH",D,252.8667,200,280,41.67,151,217,41.03,117,153,43.33,7,10,41.18,8.21,11.95,40.73,86,130,39.81,34,50,40.48,5,5,50.00,52,80,39.39,2,5,28.57,92,130,0,0,0.00,5.98,93.46,0.994
Derek Grant,65,7,13,20,ANA,C,704.2500,565,749,43.00,409,563,42.08,288,410,41.26,24,32,42.86,20.32,31.93,38.89,239,337,41.49,98,140,41.18,16,18,47.06,141,197,41.72,5,10,33.33,258,371,3,4,42.86,8.33,92.20,1.005
Derick Brassard,70,12,19,31,"ARI, PHI",C,800.6333,666,716,48.19,482,549,46.75,340,398,46.07,33,27,55.00,25.38,29.16,46.53,281,353,44.32,113,136,45.38,14,14,50.00,168,217,43.64,15,9,62.50,328,328,4,4,50.00,9.71,93.22,1.029
Devin Shore,46,6,5,11,EDM,C,424.1500,278,443,38.56,205,315,39.42,148,240,38.14,11,21,34.38,10.25,16.01,39.03,119,199,37.42,44,76,36.67,7,10,41.18,75,123,37.88,3,8,27.27,135,209,1,3,25.00,7.43,91.25,0.987
Devon Toews,62,12,29,41,COL,D,1164.7833,1235,813,60.30,927,601,60.67,658,434,60.26,65,37,63.73,52.93,31.25,62.87,632,369,63.14,245,147,62.50,31,20,60.78,387,222,63.55,22,12,64.71,526,351,12,5,70.59,9.88,91.47,1.014
Dougie Hamilton,71,16,38,54,"CAR, N.J",D,1212.3833,1353,1049,56.33,1037,801,56.42,737,580,55.96,60,36,62.50,57.68,44.60,56.39,662,510,56.48,286,202,58.61,38,25,60.32,376,308,54.97,13,10,56.52,620,465,9,1,90.00,8.14,93.79,1.019
Drake Batherson,70,24,26,50,OTT,R,916.3000,872,939,48.15,666,726,47.84,481,531,47.53,37,40,48.05,38.77,37.27,50.99,448,453,49.72,197,163,54.72,20,19,51.28,251,290,46.40,9,16,36.00,364,425,8,5,61.54,7.69,92.47,1.002
Drake Caggiula,56,5,10,15,"ARI, BUF",C,644.6333,506,623,44.82,380,484,43.98,277,347,44.39,22,30,42.31,21.41,25.86,45.29,229,308,42.64,99,123,44.59,11,14,44.00,130,185,41.27,7,12,36.84,252,279,4,4,50.00,7.94,91.35,0.993
Drew Doughty,60,9,32,41,L.A,D,1167.7667,996,950,51.18,753,724,50.98,549,506,52.04,40,42,48.78,40.85,42.18,49.20,477,487,49.48,202,191,51.40,30,27,52.63,275,296,48.16,7,12,36.84,448,390,3,2,60.00,7.29,91.70,0.990
Dryden Hunt,46,5,7,12,"ARI, NYR",L,507.7667,436,439,49.83,327,321,50.46,233,223,51.10,13,20,39.39,17.04,17.31,49.60,188,224,45.63,73,80,47.71,7,9,43.75,115,144,44.40,6,7,46.15,216,192,0,4,0.00,5.58,91.03,0.966
Duncan Keith,72,5,15,20,"CHI, EDM",D,1234.4500,1058,1240,46.04,768,958,44.50,612,732,45.54,51,64,44.35,44.47,56.09,44.23,530,625,45.89,197,269,42.27,29,41,41.43,333,356,48.33,15,16,48.39,448,532,7,7,50.00,8.33,91.26,0.996
Dylan Coghlan,45,4,6,10,VGK,D,573.8000,567,495,53.39,408,368,52.58,284,278,50.53,15,25,37.50,24.80,25.06,49.73,281,251,52.82,115,123,48.32,10,19,34.48,166,128,56.46,5,6,45.45,238,201,0,0,0.00,5.28,91.01,0.963
Dylan Cozens,62,9,15,24,BUF,C,766.4833,694,760,47.73,533,603,46.92,384,464,45.28,31,49,38.75,26.61,34.69,43.41,324,378,46.15,141,165,46.08,14,24,36.84,183,213,46.21,5,19,20.83,333,340,12,6,66.67,8.07,89.44,0.975
Dylan DeMelo,73,1,11,12,WPG,D,989.5667,872,862,50.29,662,636,51.00,486,458,51.48,42,34,55.26,36.47,33.61,52.04,430,400,51.81,151,158,48.87,25,18,58.14,279,242,53.55,15,13,53.57,388,406,2,3,40.00,8.64,92.58,1.012
Dylan Strome,52,10,10,20,CHI,C,620.6833,537,652,45.16,408,466,46.68,311,348,47.19,18,31,36.73,23.89,26.21,47.68,270,312,46.39,105,121,46.46,11,19,36.67,165,191,46.35,6,7,46.15,232,296,1,5,16.67,5.79,91.09,0.969
Dysin Mayo,16,1,0,1,ARI,D,265.9333,189,265,41.63,145,187,43.67,105,136,43.57,8,9,47.06,8.04,10.03,44.49,93,116,44.50,38,52,42.22,4,6,40.00,55,64,46.22,3,2,60.00,82,128,1,1,50.00,7.62,93.38,1.010
Eric Staal,53,5,8,13,"BUF, MTL",C,680.2667,619,594,51.03,471,462,50.48,322,344,48.35,10,32,23.81,24.85,26.88,48.04,298,312,48.85,107,129,45.34,4,20,16.67,191,183,51.07,3,10,23.08,278,248,3,2,60.00,3.11,90.70,0.938
Erik Gudbranson,66,1,7,8,"CGY, NSH, OTT",D,985.5167,942,949,49.81,707,738,48.93,511,544,48.44,30,39,43.48,35.62,41.62,46.12,448,458,49.45,161,189,46.00,21,17,55.26,287,269,51.62,5,14,26.32,400,433,3,7,30.00,5.87,92.83,0.987
Ethan Bear,59,3,11,14,"CAR, EDM",D,894.2667,773,715,51.95,581,539,51.88,436,399,52.22,37,34,52.11,36.18,29.96,54.70,377,337,52.80,171,129,57.00,25,20,55.56,206,208,49.76,9,10,47.37,332,319,3,4,42.86,8.49,91.48,1.000
Evan Bouchard,34,4,12,16,EDM,D,520.5500,541,476,53.20,405,368,52.39,297,281,51.38,20,22,47.62,22.65,21.18,51.68,250,250,50.00,99,110,47.37,13,12,52.00,151,140,51.89,4,7,36.36,256,184,3,3,50.00,6.73,92.17,0.989
Evan Rodrigues,56,15,14,29,PIT,C,693.0000,691,542,56.04,529,408,56.46,402,311,56.38,26,25,50.98,31.91,22.60,58.55,331,263,55.72,138,107,56.33,14,14,50.00,193,156,55.30,9,5,64.29,323,245,2,6,25.00,6.47,91.96,0.984
Evander Kane,56,22,27,49,S.J,L,808.7500,759,787,49.09,565,604,48.33,410,437,48.41,41,41,50.00,34.64,33.33,50.96,402,389,50.82,157,156,50.16,24,25,48.98,245,233,51.26,11,11,50.00,302,352,6,5,54.55,10.00,90.62,1.006
Frederick Gaudreau,40,4,16,20,"MIN, PIT",C,462.1833,424,369,53.47,322,287,52.87,231,207,52.74,22,14,61.11,18.97,13.89,57.73,219,162,57.48,77,64,54.61,13,9,59.09,142,98,59.17,5,4,55.56,178,181,4,1,80.00,9.52,93.24,1.028
Gabriel Vilardi,61,11,13,24,L.A,C,720.8833,560,651,46.24,432,487,47.01,320,366,46.65,23,32,41.82,22.91,29.24,43.94,267,345,43.63,114,132,46.34,16,18,47.06,153,213,41.80,5,10,33.33,247,255,2,3,40.00,7.19,91.26,0.984
Givani Smith,32,2,4,6,DET,R,287.7167,233,276,45.78,176,209,45.71,147,165,47.12,8,17,32.00,9.65,10.99,46.76,103,132,43.83,50,57,46.73,8,8,50.00,53,75,41.41,0,8,0.00,106,123,0,1,0.00,5.44,89.70,0.951
Haydn Fleury,58,5,1,6,"ANA, CAR, SEA",D,814.9333,742,697,51.56,546,517,51.36,377,370,50.47,20,34,37.04,28.83,27.85,50.86,325,300,52.00,133,108,55.19,10,19,34.48,192,192,50.00,2,11,15.38,353,332,8,4,66.67,5.31,90.81,0.961
Ian Mitchell,42,3,5,8,CHI,D,574.9500,445,579,43.46,324,440,42.41,262,345,43.16,17,27,38.64,17.73,24.94,41.56,223,307,42.08,79,114,40.93,9,16,36.00,144,193,42.73,3,8,27.27,183,233,5,3,62.50,6.49,92.17,0.987
Jack Studnicka,24,1,3,4,BOS,C,261.1167,192,236,44.86,159,181,46.76,110,126,46.61,5,9,35.71,8.15,8.86,47.92,90,117,43.48,31,48,39.24,2,6,25.00,59,69,46.09,1,1,50.00,92,102,2,2,50.00,4.55,92.86,0.974
Jacob Bryson,59,1,13,14,BUF,D,948.8500,750,874,46.18,574,700,45.05,401,535,42.84,37,44,45.68,32.49,38.76,45.60,374,413,47.52,166,170,49.40,25,21,54.35,208,243,46.12,9,14,39.13,334,409,3,9,25.00,9.23,91.78,1.010
Jacob Middleton,16,1,2,3,S.J,D,240.3833,212,228,48.18,167,161,50.91,119,118,50.21,9,7,56.25,9.33,7.76,54.57,110,107,50.69,49,35,58.33,3,5,37.50,61,72,45.86,4,1,80.00,91,97,2,1,66.67,7.56,94.07,1.016
Jaden Schwartz,61,12,25,37,"SEA, STL","C, L",871.8833,775,786,49.65,582,578,50.17,427,414,50.77,38,43,46.91,32.09,33.10,49.23,383,364,51.27,135,142,48.74,19,23,45.24,248,222,52.77,13,11,54.17,335,370,6,9,40.00,8.90,89.61,0.985
Jake Bean,61,4,16,20,"CAR, CBJ",D,907.4333,827,799,50.86,619,616,50.12,457,448,50.50,31,33,48.44,37.27,36.89,50.26,424,401,51.39,179,173,50.85,19,15,55.88,245,228,51.80,4,12,25.00,355,340,8,6,57.14,6.78,92.63,0.994
Jake DeBrusk,58,8,12,20,BOS,L,703.3833,651,648,50.12,523,498,51.22,393,358,52.33,22,22,50.00,27.25,24.58,52.58,305,291,51.17,114,111,50.67,10,14,41.67,191,180,51.48,10,4,71.43,296,318,2,4,33.33,5.60,93.85,0.995
Jake Evans,66,7,12,19,MTL,C,692.3500,644,589,52.23,480,461,51.01,358,335,51.66,24,26,48.00,25.31,23.87,51.47,309,263,54.02,128,107,54.47,12,16,42.86,181,156,53.71,6,6,50.00,287,275,6,4,60.00,6.70,92.24,0.989
Jake Muzzin,76,5,29,34,TOR,D,1345.2333,1278,1198,51.62,957,878,52.15,699,635,52.40,68,53,56.20,56.81,46.03,55.24,725,597,54.84,270,218,55.33,35,28,55.56,455,379,54.56,22,14,61.11,492,510,11,11,50.00,9.73,91.65,1.014
Jake Virtanen,38,5,0,5,VAN,R,425.7333,340,431,44.10,257,324,44.23,181,234,43.61,9,11,45.00,14.53,18.13,44.50,158,219,41.91,62,86,41.89,4,7,36.36,96,133,41.92,4,3,57.14,149,186,1,1,50.00,4.97,95.30,1.003
Jake Walman,38,1,3,4,STL,D,489.7333,438,428,50.58,334,322,50.91,251,215,53.86,14,20,41.18,17.32,20.18,46.19,220,220,50.00,76,105,41.99,6,12,33.33,144,115,55.60,6,4,60.00,179,175,2,4,33.33,5.58,90.70,0.963
Jakob Chychrun,77,20,27,47,ARI,D,1427.4667,1265,1323,48.88,951,971,49.48,663,702,48.57,53,67,44.17,52.44,53.25,49.62,569,654,46.52,249,255,49.40,28,34,45.16,320,399,44.51,18,24,42.86,605,588,7,9,43.75,7.99,90.46,0.984
James Neal,46,7,7,14,"EDM, STL",L,463.9167,390,413,48.57,284,313,47.57,215,227,48.64,14,14,50.00,14.01,15.38,47.66,179,192,48.25,62,73,45.93,5,6,45.45,117,119,49.58,7,8,46.67,182,196,2,0,100.00,6.51,93.83,1.003
Jamie Benn,71,16,28,44,DAL,L,951.9833,884,827,51.67,639,614,51.00,465,411,53.08,35,17,67.31,35.95,30.85,53.82,435,349,55.48,167,127,56.80,27,9,75.00,268,222,54.69,6,4,60.00,376,396,2,4,33.33,7.53,95.86,1.034
Jamie Drysdale,46,5,13,18,ANA,D,744.1333,637,748,45.99,474,580,44.97,346,426,44.82,23,40,36.51,26.12,33.93,43.50,289,360,44.53,128,159,44.60,14,24,36.84,161,201,44.48,3,8,27.27,298,333,6,8,42.86,6.65,90.61,0.973
Jamie Oleksiak,77,7,14,21,"DAL, SEA",D,1390.3333,1233,1139,51.98,923,854,51.94,664,605,52.32,45,52,46.39,49.22,43.23,53.24,591,497,54.32,238,192,55.35,29,30,49.15,353,305,53.65,13,16,44.83,561,536,3,6,33.33,6.78,91.40,0.982
Jansen Harkins,47,3,2,5,WPG,C,444.5667,343,395,46.48,254,299,45.93,176,219,44.56,9,13,40.91,12.03,15.19,44.20,146,189,43.58,52,73,41.60,6,5,54.55,94,116,44.76,2,7,22.22,172,178,1,1,50.00,5.11,94.06,0.992
Jared McCann,59,22,22,44,"PIT, SEA","C, L",680.6167,613,540,53.17,475,419,53.13,353,320,52.45,44,28,61.11,26.11,22.41,53.81,286,237,54.68,120,102,54.05,25,16,60.98,166,135,55.15,12,8,60.00,286,266,6,4,60.00,12.46,91.25,1.037
Jared Spurgeon,71,10,23,33,MIN,D,1106.4667,1008,1023,49.63,754,744,50.33,557,531,51.19,52,45,53.61,42.57,35.49,54.54,484,424,53.30,195,150,56.52,28,25,52.83,289,274,51.33,18,15,54.55,459,512,5,5,50.00,9.34,91.53,1.009
Jaret Anderson-Dolan,34,7,4,11,L.A,C,385.6833,291,408,41.63,220,309,41.59,160,209,43.36,16,23,41.03,12.24,19.02,39.15,137,209,39.60,64,94,40.51,14,13,51.85,73,115,38.83,0,6,0.00,128,173,2,4,33.33,10.00,89.00,0.990
Jason Demers,41,0,4,4,ARI,D,619.1833,550,564,49.37,406,431,48.51,272,316,46.26,19,21,47.50,21.68,26.84,44.69,245,289,45.88,95,119,44.39,11,15,42.31,150,170,46.88,7,5,58.33,256,239,1,1,50.00,6.99,93.35,1.003
Jason Dickinson,71,8,10,18,"DAL, VAN",C,908.7667,862,711,54.80,605,516,53.97,447,357,55.60,26,27,49.06,31.53,26.53,54.31,404,320,55.80,150,130,53.57,14,14,50.00,254,190,57.21,8,6,57.14,392,320,4,7,36.36,5.82,92.44,0.983
Jason Spezza,77,14,23,37,TOR,C,684.5667,625,594,51.27,476,461,50.80,341,331,50.74,30,25,54.55,29.14,25.32,53.50,322,296,52.10,131,124,51.37,17,16,51.52,191,172,52.62,7,7,50.00,268,259,6,2,75.00,8.80,92.45,1.012
Jay Beagle,49,1,4,5,"ARI, VAN",C,492.9167,388,483,44.55,287,364,44.09,226,264,46.12,10,23,30.30,15.72,21.65,42.07,175,246,41.57,72,106,40.45,6,15,28.57,103,140,42.39,4,6,40.00,184,209,0,2,0.00,4.42,91.29,0.957
Jayce Hawryluk,30,2,3,5,VAN,C,283.6000,230,288,44.40,173,214,44.70,138,152,47.59,9,16,36.00,8.83,12.12,42.14,98,158,38.28,38,52,42.22,3,7,30.00,60,106,36.14,4,8,33.33,114,110,2,1,66.67,6.52,89.47,0.960
Jean-Gabriel Pageau,70,15,17,32,NYI,C,890.5000,703,829,45.89,520,571,47.66,377,405,48.21,25,22,53.19,29.34,29.05,50.25,345,382,47.46,142,124,53.38,13,10,56.52,203,258,44.03,10,6,62.50,315,403,2,6,25.00,6.63,94.57,1.012
Jeff Carter,72,22,19,41,"L.A, PIT",C,924.3000,822,815,50.21,625,613,50.48,479,473,50.32,42,37,53.16,35.32,36.42,49.23,403,418,49.09,163,162,50.15,27,21,56.25,240,256,48.39,13,11,54.17,365,347,2,4,33.33,8.77,92.18,1.009
Jeff Skinner,74,13,14,27,BUF,L,969.2500,850,871,49.39,663,687,49.11,469,496,48.60,33,36,47.83,36.06,35.68,50.26,404,410,49.63,175,156,52.87,18,16,52.94,229,254,47.41,13,12,52.00,409,422,2,8,20.00,7.04,92.74,0.998
Jeremy Davies,16,0,1,1,NSH,D,224.6167,177,185,48.90,134,146,47.86,89,122,42.18,10,7,58.82,7.45,8.97,45.38,85,90,48.57,31,45,40.79,4,5,44.44,54,45,54.55,3,2,60.00,85,83,3,0,100.00,11.24,94.26,1.055
Jeremy Lauzon,60,1,10,11,"BOS, SEA",D,913.5500,788,782,50.19,623,587,51.49,456,421,52.00,33,40,45.21,32.15,30.40,51.39,363,370,49.52,146,137,51.59,17,23,42.50,217,233,48.22,12,8,60.00,376,375,4,9,30.77,7.24,90.50,0.977
Joe Thornton,55,6,17,23,"FLA, TOR",C,609.8833,594,468,55.93,453,351,56.34,325,253,56.23,31,23,57.41,24.71,19.73,55.61,318,239,57.09,112,89,55.72,16,13,55.17,206,150,57.87,11,6,64.71,240,192,4,4,50.00,9.54,90.91,1.004
Joel Edmundson,55,3,10,13,MTL,D,938.4833,944,795,54.28,690,598,53.57,500,430,53.76,45,27,62.50,35.08,31.06,53.04,476,369,56.33,162,146,52.60,24,15,61.54,314,223,58.47,13,10,56.52,410,365,8,2,80.00,9.00,93.72,1.027
Joel Hanley,42,0,8,8,DAL,D,512.4500,455,371,55.08,346,272,55.99,255,201,55.92,21,19,52.50,19.80,14.50,57.72,200,175,53.33,89,70,55.97,16,11,59.26,111,105,51.39,3,4,42.86,225,166,2,4,33.33,8.24,90.55,0.988
John Tavares,78,29,43,72,TOR,C,1134.6833,1086,1025,51.44,813,777,51.13,577,561,50.70,53,40,56.99,49.32,41.01,54.60,626,529,54.20,248,204,54.87,37,23,61.67,378,325,53.77,12,9,57.14,413,433,4,8,33.33,9.19,92.87,1.021
Jonathan Drouin,61,5,29,34,MTL,L,810.1000,768,746,50.73,559,585,48.86,403,434,48.15,34,39,46.58,29.64,32.37,47.80,374,398,48.45,131,166,44.11,22,20,52.38,243,232,51.16,9,15,37.50,337,303,3,4,42.86,8.44,91.01,0.995
Jonathan Huberdeau,76,27,54,81,FLA,L,963.2500,928,769,54.68,732,600,54.95,570,472,54.70,53,38,58.24,37.84,35.26,51.76,455,382,54.36,160,169,48.63,29,24,54.72,295,213,58.07,16,10,61.54,410,325,8,4,66.67,9.30,91.95,1.012
Jonathan Marchessault,71,27,31,58,VGK,C,1000.4000,1111,899,55.27,781,655,54.39,556,461,54.67,52,39,57.14,47.35,43.22,52.28,558,488,53.35,203,190,51.65,30,24,55.56,355,298,54.36,15,11,57.69,479,342,7,4,63.64,9.35,91.54,1.009
Jonathan Toews,21,0,9,9,CHI,C,254.4833,232,226,50.66,159,168,48.62,113,130,46.50,8,13,38.10,7.60,9.64,44.10,108,111,49.32,34,46,42.50,6,6,50.00,74,65,53.24,1,5,16.67,109,104,1,2,33.33,7.08,90.00,0.971
Jordan Eberle,76,27,22,49,"NYI, SEA",R,1051.5333,1045,878,54.34,813,646,55.72,598,484,55.27,49,44,52.69,46.40,34.96,57.03,532,415,56.18,222,144,60.66,32,25,56.14,310,271,53.36,10,16,38.46,464,396,7,3,70.00,8.19,90.91,0.991
Jordan Kyrou,76,23,34,57,STL,C,985.4000,887,855,50.92,669,663,50.23,501,480,51.07,51,43,54.26,38.25,38.95,49.55,474,430,52.43,170,178,48.85,26,25,50.98,304,252,54.68,17,11,60.71,354,369,8,7,53.33,10.18,91.04,1.012
Jordan Martinook,64,5,14,19,CAR,L,689.9000,624,544,53.42,466,414,52.95,315,302,51.05,24,24,50.00,24.22,24.30,49.91,260,244,51.59,115,111,50.88,15,18,45.45,145,133,52.16,2,2,50.00,316,250,7,4,63.64,7.62,92.05,0.997
Jordan Staal,73,18,28,46,CAR,C,919.0000,891,775,53.48,664,620,51.71,480,447,51.78,36,28,56.25,40.14,35.97,52.73,433,382,53.13,197,164,54.57,26,18,59.09,236,218,51.98,5,9,35.71,397,328,5,1,83.33,7.50,93.74,1.012
Jordie Benn,44,1,10,11,"MIN, VAN, WPG",D,579.0000,502,565,47.05,385,432,47.12,281,316,47.07,35,25,58.33,21.95,25.44,46.32,253,291,46.51,110,110,50.00,19,12,61.29,143,181,44.14,13,8,61.90,210,238,3,5,37.50,12.46,92.09,1.045
Josh Anderson,75,24,13,37,MTL,R,1047.5167,972,933,51.02,699,714,49.47,494,519,48.77,35,54,39.33,37.15,38.51,49.10,483,485,49.90,168,187,47.32,23,34,40.35,315,298,51.39,11,17,39.29,411,383,1,3,25.00,7.09,89.60,0.967
Josh Bailey,66,9,32,41,NYI,R,900.4667,718,881,44.90,541,659,45.08,404,468,46.33,42,33,56.00,33.04,34.68,48.79,383,428,47.23,159,151,51.29,24,22,52.17,224,277,44.71,12,5,70.59,288,401,6,6,50.00,10.40,92.95,1.033
Josh Brown,39,0,1,1,OTT,D,457.9000,323,463,41.09,244,342,41.64,180,251,41.76,10,21,32.26,12.89,17.13,42.94,151,212,41.60,65,81,44.52,7,12,36.84,86,131,39.63,3,5,37.50,144,221,0,4,0.00,5.56,91.63,0.972
Josh Leivo,40,6,3,9,"CAR, CGY",L,397.5000,377,301,55.60,278,222,55.60,188,172,52.22,12,16,42.86,15.33,11.12,57.96,173,146,54.23,73,51,58.87,8,10,44.44,100,95,51.28,4,6,40.00,178,138,0,0,0.00,6.38,90.70,0.971
Josh Mahura,22,2,4,6,ANA,D,314.4833,253,319,44.23,191,236,44.73,130,177,42.35,13,17,43.33,10.78,15.00,41.81,113,164,40.79,59,65,47.58,7,10,41.18,54,99,35.29,3,5,37.50,110,133,2,2,50.00,10.00,90.40,1.004
Josh Manson,45,2,7,9,ANA,D,701.2833,583,666,46.68,430,523,45.12,333,385,46.38,29,27,51.79,24.74,30.74,44.59,283,326,46.47,122,136,47.29,17,19,47.22,161,190,45.87,8,6,57.14,247,304,4,2,66.67,8.71,92.99,1.017
Josh Morrissey,77,7,22,29,WPG,D,1425.1667,1258,1394,47.44,946,1068,46.97,688,764,47.38,54,49,52.43,54.26,63.79,45.96,633,701,47.45,242,307,44.08,31,30,50.82,391,394,49.81,15,12,55.56,563,607,8,7,53.33,7.85,93.59,1.014
Jujhar Khaira,55,5,8,13,"CHI, EDM",L,570.8167,423,526,44.57,307,384,44.43,220,284,43.65,16,19,45.71,14.19,19.34,42.31,187,243,43.49,64,86,42.67,9,10,47.37,123,157,43.93,4,5,44.44,202,245,2,4,33.33,7.27,93.31,1.006
Julien Gauthier,41,3,9,12,NYR,R,397.0167,326,412,44.17,251,307,44.98,188,212,47.00,17,22,43.59,16.11,16.18,49.89,170,198,46.20,93,73,56.02,13,12,52.00,77,125,38.12,1,9,10.00,133,186,3,1,75.00,9.04,89.62,0.987
Justin Dowling,38,3,5,8,"DAL, VAN",C,355.2333,300,281,51.64,223,217,50.68,163,144,53.09,10,16,38.46,10.32,11.43,47.46,124,142,46.62,49,53,48.04,5,10,33.33,75,89,45.73,5,1,83.33,150,117,0,5,0.00,6.13,88.89,0.950
Justin Schultz,66,4,25,29,WSH,D,1062.9000,934,933,50.03,693,704,49.61,501,518,49.17,55,37,59.78,37.33,39.29,48.72,444,437,50.40,186,190,49.47,28,25,52.83,258,247,51.09,15,6,71.43,440,420,12,6,66.67,10.98,92.86,1.038
Kale Clague,29,0,11,11,L.A,D,403.5667,374,378,49.73,296,290,50.51,214,209,50.59,15,19,44.12,15.34,18.52,45.30,178,209,45.99,69,89,43.67,8,12,40.00,109,120,47.60,5,5,50.00,168,149,2,2,50.00,7.01,90.91,0.979
Keegan Kolesar,65,4,16,20,VGK,R,677.7167,641,625,50.63,467,453,50.76,342,344,49.85,26,31,45.61,29.81,29.36,50.38,317,310,50.56,149,137,52.10,15,22,40.54,168,173,49.27,7,7,50.00,271,270,4,2,66.67,7.60,90.99,0.986
Kevin Connauton,19,0,1,1,FLA,D,236.5167,251,219,53.40,190,169,52.92,150,138,52.08,15,6,71.43,11.08,9.35,54.24,122,98,55.45,54,42,56.25,10,1,90.91,68,56,54.84,4,2,66.67,113,100,1,3,25.00,10.00,95.65,1.057
Kirby Dach,39,5,13,18,CHI,C,550.1833,452,555,44.89,315,394,44.43,239,288,45.35,22,30,42.31,16.42,24.22,40.41,214,285,42.89,76,112,40.43,12,22,35.29,138,173,44.37,9,3,75.00,202,240,1,5,16.67,9.21,89.58,0.988
Kris Letang,72,8,48,56,PIT,D,1375.7167,1256,1223,50.67,969,937,50.84,721,693,50.99,66,50,56.90,52.89,52.44,50.22,634,582,52.14,234,253,48.05,39,34,53.42,400,329,54.87,16,10,61.54,548,562,10,6,62.50,9.15,92.78,1.019
Kris Russell,44,0,10,10,EDM,D,686.4500,514,660,43.78,364,455,44.44,268,333,44.59,24,20,54.55,18.29,23.69,43.57,211,304,40.97,86,113,43.22,12,7,63.16,125,191,39.56,9,8,52.94,254,299,3,5,37.50,8.96,93.99,1.029
Kurtis MacDermid,35,2,2,4,"COL, L.A",D,381.9667,322,427,42.99,240,323,42.63,171,244,41.20,13,31,29.55,12.74,21.66,37.03,155,241,39.14,52,105,33.12,7,18,28.00,103,136,43.10,4,10,28.57,143,161,2,3,40.00,7.60,87.30,0.949
Kyle Burroughs,23,1,1,2,"COL, VAN",D,273.3000,258,242,51.60,178,173,50.71,139,140,49.82,7,11,38.89,8.72,9.65,47.47,110,116,48.67,40,46,46.51,5,5,50.00,70,70,50.00,0,5,0.00,127,104,2,1,66.67,5.04,92.14,0.972
Kyle Clifford,53,4,4,8,"STL, TOR",L,497.2500,403,415,49.27,304,322,48.56,231,227,50.44,11,17,39.29,15.43,16.24,48.73,187,187,50.00,72,80,47.37,6,12,33.33,115,107,51.80,4,2,66.67,177,196,1,3,25.00,4.76,92.51,0.973
Kyle Turris,42,3,4,7,EDM,C,397.5167,305,400,43.26,222,305,42.13,150,234,39.06,10,25,28.57,10.66,16.37,39.44,128,196,39.51,44,76,36.67,6,16,27.27,84,120,41.18,3,6,33.33,150,178,0,3,0.00,6.67,89.32,0.960
Lane Pederson,26,1,2,3,"ARI, S.J",C,264.1000,241,256,48.49,187,186,50.13,118,144,45.04,7,14,33.33,9.16,11.11,45.19,100,130,43.48,38,50,43.18,4,11,26.67,62,80,43.66,2,2,50.00,116,114,1,1,50.00,5.93,90.28,0.962
Lawson Crouse,72,9,14,23,ARI,L,875.3167,696,827,45.70,539,607,47.03,362,450,44.58,28,36,43.75,30.15,32.35,48.24,335,389,46.27,131,152,46.29,12,16,42.86,204,237,46.26,12,13,48.00,308,380,4,7,36.36,7.73,92.00,0.997
Liam Foudy,24,0,4,4,CBJ,C,280.7667,222,270,45.12,168,211,44.33,126,169,42.71,10,10,50.00,9.41,10.46,47.35,106,117,47.53,42,51,45.16,5,6,45.45,64,66,49.23,3,1,75.00,97,137,2,3,40.00,7.94,94.08,1.020
Liam O'Brien,27,1,4,5,"ARI, COL",C,208.9333,158,195,44.76,107,142,42.97,73,101,41.95,5,3,62.50,5.99,7.25,45.25,61,74,45.19,30,34,46.88,2,1,66.67,31,40,43.66,2,2,50.00,81,99,1,0,100.00,6.85,97.03,1.039
Logan Couture,73,24,25,49,S.J,C,981.1167,923,982,48.45,687,746,47.94,484,536,47.45,51,46,52.58,40.67,40.07,50.37,496,470,51.35,198,194,50.51,29,29,50.00,298,276,51.92,13,10,56.52,362,451,9,7,56.25,10.54,91.42,1.020
Logan O'Connor,40,6,6,12,COL,R,419.8000,428,293,59.36,323,205,61.17,238,156,60.41,15,10,60.00,18.64,10.32,64.37,218,129,62.82,93,49,65.49,6,4,60.00,125,80,60.98,4,6,40.00,180,135,5,0,100.00,6.30,93.59,0.999
Logan Stanley,58,1,9,10,WPG,D,714.2667,664,609,52.16,518,451,53.46,369,338,52.19,34,22,60.71,26.10,24.95,51.13,308,290,51.51,108,126,46.15,21,10,67.74,200,164,54.95,11,8,57.89,311,280,2,4,33.33,9.21,93.49,1.027
Luke Schenn,46,2,5,7,"T.B, VAN",D,491.7333,451,407,52.56,344,324,51.50,250,231,51.98,19,17,52.78,19.00,15.90,54.45,232,192,54.72,85,73,53.80,14,11,56.00,147,119,55.26,3,6,33.33,198,189,2,0,100.00,7.60,92.64,1.002
MacKenzie Weegar,75,6,41,47,FLA,D,1359.4500,1288,1030,55.57,1010,778,56.49,749,578,56.44,71,40,63.96,55.65,42.78,56.54,615,498,55.26,237,199,54.36,32,28,53.33,378,299,55.83,22,8,73.33,609,461,17,3,85.00,9.48,93.08,1.026
Marc Staal,75,3,10,13,DET,D,1137.8500,859,1066,44.62,674,813,45.33,503,607,45.32,43,54,44.33,36.63,43.15,45.91,409,492,45.39,163,187,46.57,25,25,50.00,246,305,44.65,12,17,41.38,380,501,6,12,33.33,8.55,91.10,0.997
Marco Scandella,70,3,10,13,STL,D,1172.6833,916,1172,43.87,674,880,43.37,523,643,44.85,44,42,51.16,37.42,48.24,43.69,460,554,45.36,174,211,45.19,23,18,56.10,286,343,45.47,13,15,46.43,381,527,8,9,47.06,8.41,93.47,1.019
Marcus Foligno,60,19,21,40,MIN,L,750.8833,611,628,49.31,464,463,50.05,355,324,52.28,46,26,63.89,26.47,20.35,56.54,310,260,54.39,132,79,62.56,25,10,71.43,178,181,49.58,14,10,58.33,264,312,7,6,53.85,12.96,91.98,1.049
Mario Ferraro,77,3,24,27,S.J,D,1413.0333,1178,1389,45.89,869,1016,46.10,629,734,46.15,57,66,46.34,51.58,54.22,48.75,623,651,48.90,266,245,52.05,36,33,52.17,357,406,46.79,11,21,34.38,475,657,10,12,45.45,9.06,91.01,1.001
Mark Borowiecki,37,0,1,1,NSH,D,405.8833,327,376,46.51,256,261,49.52,182,190,48.92,12,18,40.00,10.82,13.79,43.97,124,169,42.32,41,58,41.41,4,7,36.36,83,111,42.78,6,6,50.00,177,179,2,5,28.57,6.59,90.53,0.971
Mark Friedman,20,2,5,7,"PHI, PIT",D,233.6667,235,229,50.65,195,172,53.13,148,129,53.43,15,13,53.57,11.60,9.35,55.38,121,117,50.84,61,50,54.95,9,6,60.00,60,67,47.24,6,6,50.00,98,98,0,1,0.00,10.14,89.92,1.001
Mark Giordano,75,12,21,33,"CGY, SEA",D,1220.3333,1126,986,53.31,843,725,53.76,575,557,50.80,52,48,52.00,44.66,39.57,53.02,535,479,52.76,210,191,52.37,27,28,49.09,325,288,53.02,19,14,57.58,508,438,6,5,54.55,9.04,91.38,1.004
Mark Jankowski,45,4,7,11,PIT,C,387.7500,264,333,44.22,205,247,45.35,161,181,47.08,12,10,54.55,9.20,12.84,41.76,115,132,46.56,42,50,45.65,8,7,53.33,73,82,47.10,4,2,66.67,128,168,0,1,0.00,7.45,94.48,1.019
Mark Pysyk,57,3,5,8,"BUF, DAL",D,734.8667,656,607,51.94,510,459,52.63,384,351,52.24,25,21,54.35,28.80,22.96,55.64,330,277,54.37,133,116,53.41,15,9,62.50,197,161,55.03,7,7,50.00,292,286,3,4,42.86,6.51,94.02,1.005
Mark Scheifele,71,23,48,71,WPG,C,1166.1333,1052,1076,49.44,793,817,49.25,580,605,48.95,55,54,50.46,45.80,52.68,46.51,532,587,47.54,207,257,44.61,34,33,50.75,325,330,49.62,13,18,41.94,456,440,8,3,72.73,9.48,91.07,1.006
Mark Stone,64,22,48,70,VGK,R,889.5500,854,828,50.77,648,581,52.73,477,430,52.59,59,36,62.11,38.60,33.00,53.91,433,388,52.74,175,148,54.18,28,22,56.00,258,240,51.81,22,10,68.75,361,371,8,4,66.67,12.37,91.63,1.040
Mason Marchment,43,3,14,17,FLA,L,550.0833,521,424,55.13,391,331,54.16,291,243,54.49,24,16,60.00,22.67,18.50,55.07,258,192,57.33,107,84,56.02,13,10,56.52,151,108,58.30,7,4,63.64,233,202,4,2,66.67,8.25,93.42,1.017
Mathew Barzal,72,21,32,53,NYI,C,1067.1167,1044,972,51.79,803,722,52.66,608,520,53.90,58,40,59.18,48.24,41.26,53.90,544,512,51.52,235,188,55.56,39,26,60.00,309,324,48.82,12,9,57.14,443,405,7,5,58.33,9.54,92.31,1.018
Mathieu Joseph,76,15,11,26,T.B,R,791.8833,638,647,49.65,486,508,48.89,334,381,46.71,33,32,50.77,25.53,28.62,47.15,320,354,47.48,119,133,47.22,20,19,51.28,201,221,47.63,10,12,45.45,281,265,3,1,75.00,9.88,91.60,1.015
Mathieu Olivier,35,3,3,6,NSH,R,355.6500,258,308,45.58,202,209,49.15,144,157,47.84,8,10,44.44,9.99,11.97,45.50,110,141,43.82,43,61,41.35,5,6,45.45,67,80,45.58,2,3,40.00,128,139,1,1,50.00,5.56,93.63,0.992
Mathieu Perreault,64,12,11,23,"MTL, WPG","C, L",638.4167,527,571,48.00,389,423,47.91,281,287,49.47,23,14,62.16,21.23,20.02,51.46,270,249,52.02,103,85,54.79,14,6,70.00,167,164,50.45,7,5,58.33,221,273,2,2,50.00,8.19,95.12,1.033
Matt Calvert,18,0,3,3,COL,L,201.0167,198,143,58.06,132,107,55.23,95,80,54.29,3,6,33.33,7.79,4.71,62.30,100,57,63.69,36,17,67.92,2,4,33.33,64,40,61.54,1,2,33.33,90,74,0,0,0.00,3.16,92.50,0.957
Matt Duchene,55,19,16,35,NSH,C,743.2833,755,663,53.24,596,505,54.13,426,385,52.53,34,37,47.89,31.63,26.53,54.39,381,328,53.74,141,124,53.21,18,19,48.65,240,204,54.05,13,10,56.52,334,303,3,8,27.27,7.98,90.39,0.984
Matt Dumba,72,9,23,32,MIN,D,1263.7333,1105,1146,49.09,837,857,49.41,611,628,49.31,51,55,48.11,49.09,43.89,52.80,517,505,50.59,224,176,56.00,33,25,56.90,293,329,47.11,11,23,32.35,499,542,7,7,50.00,8.35,91.24,0.996
Matt Irwin,24,0,2,2,BUF,D,337.8167,269,368,42.23,214,289,42.54,155,210,42.47,10,20,33.33,11.47,15.64,42.30,118,186,38.82,61,76,44.53,6,10,37.50,57,110,34.13,1,8,11.11,138,168,3,2,60.00,6.45,90.48,0.969
Matt Martin,69,6,6,12,NYI,L,724.0667,528,655,44.63,397,482,45.16,299,333,47.31,20,25,44.44,22.65,24.30,48.25,278,316,46.80,125,115,52.08,13,13,50.00,153,201,43.22,5,5,50.00,213,296,2,7,22.22,6.69,92.49,0.992
Matthew Highmore,50,3,6,9,"CHI, VAN",C,512.4333,419,495,45.84,317,366,46.41,241,274,46.80,15,18,45.45,16.51,21.99,42.88,185,240,43.53,76,104,42.22,5,11,31.25,109,136,44.49,6,4,60.00,186,212,4,3,57.14,6.22,93.43,0.997
Max Domi,63,12,21,33,CBJ,C,791.7833,685,777,46.85,525,586,47.25,387,441,46.74,30,38,44.12,28.20,32.72,46.30,314,388,44.73,113,130,46.50,16,23,41.03,201,258,43.79,8,11,42.11,316,359,6,4,60.00,7.75,91.38,0.991
Michael Amadio,35,0,3,3,"L.A, OTT, TOR, VGK",C,377.3333,325,376,46.36,241,283,45.99,179,216,45.32,9,13,40.91,13.71,16.04,46.09,151,192,44.02,61,84,42.07,5,8,38.46,90,108,45.45,3,4,42.86,148,153,1,1,50.00,5.03,93.98,0.990
Michael Bunting,44,16,11,27,"ARI, TOR",L,589.7000,629,484,56.51,467,382,55.01,330,273,54.73,27,24,52.94,27.00,20.85,56.43,318,253,55.69,123,111,52.56,14,18,43.75,195,142,57.86,10,6,62.50,280,205,3,0,100.00,8.18,91.21,0.994
Michael Dal Colle,26,1,3,4,NYI,L,303.9500,263,252,51.07,200,185,51.95,142,128,52.59,10,9,52.63,11.70,10.15,53.54,136,119,53.33,60,44,57.69,5,5,50.00,76,75,50.33,3,4,42.86,118,118,2,0,100.00,7.04,92.97,1.000
Michael Del Zotto,63,6,13,19,"CBJ, OTT",D,984.9833,854,974,46.72,648,738,46.75,492,555,46.99,47,48,49.47,33.67,39.62,45.94,372,439,45.87,145,176,45.17,24,31,43.64,227,263,46.33,14,15,48.28,416,473,9,2,81.82,9.55,91.35,1.009
Michael McLeod,71,9,9,18,N.J,C,836.4667,685,768,47.14,527,586,47.35,380,434,46.68,25,37,40.32,29.04,30.87,48.47,332,333,49.92,144,139,50.88,20,24,45.45,188,194,49.21,3,6,33.33,314,381,2,6,25.00,6.58,91.47,0.981
Michael Rasmussen,62,4,15,19,DET,C,723.6833,494,709,41.06,383,524,42.23,278,372,42.77,25,39,39.06,22.27,28.60,43.77,249,328,43.15,111,134,45.31,16,20,44.44,138,194,41.57,5,12,29.41,207,327,4,7,36.36,8.99,89.52,0.985
Michael Stone,22,2,2,4,CGY,D,303.4500,315,264,54.40,241,211,53.32,165,153,51.89,15,14,51.72,12.24,9.95,55.17,143,117,55.00,46,37,55.42,4,6,40.00,97,80,54.80,6,6,50.00,149,125,5,2,71.43,9.09,90.85,0.999
Mike Hoffman,65,21,22,43,"MTL, STL",C,800.6833,601,727,45.26,439,541,44.80,334,389,46.20,26,33,44.07,21.34,30.05,41.53,273,340,44.54,93,138,40.26,17,19,47.22,180,202,47.12,5,7,41.67,279,333,4,7,36.36,7.78,91.52,0.993
Mike Matheson,62,6,17,23,PIT,D,1056.3833,959,917,51.12,735,696,51.36,553,535,50.83,52,43,54.74,39.29,38.37,50.59,448,418,51.73,190,171,52.63,35,27,56.45,258,247,51.09,13,9,59.09,449,441,3,7,30.00,9.40,91.96,1.014
Milan Lucic,77,15,15,30,CGY,L,884.4000,796,762,51.09,594,586,50.34,422,428,49.65,37,42,46.84,31.12,29.04,51.73,389,337,53.58,137,134,50.55,15,22,40.54,252,203,55.38,19,15,55.88,345,368,3,4,42.86,8.77,90.19,0.990
Mitchell Marner,78,26,60,86,TOR,R,1221.0833,1154,1043,52.53,875,779,52.90,618,542,53.28,67,42,61.47,55.75,41.65,57.24,723,512,58.54,284,191,59.79,36,24,60.00,439,321,57.76,25,9,73.53,385,459,6,9,40.00,10.84,92.25,1.031
Mitchell Stephens,23,0,5,5,"DET, T.B",C,207.5667,151,225,40.16,113,170,39.93,80,133,37.56,6,15,28.57,6.76,10.57,39.03,63,114,35.59,24,49,32.88,4,6,40.00,39,65,37.50,1,6,14.29,74,95,1,3,25.00,7.50,88.72,0.962
Morgan Geekie,57,5,8,13,"CAR, SEA",C,527.3500,475,433,52.31,341,326,51.12,241,237,50.42,15,23,39.47,17.18,18.50,48.15,205,208,49.64,84,93,47.46,8,19,29.63,121,115,51.27,3,2,60.00,235,193,4,2,66.67,6.22,90.30,0.965
Morgan Rielly,78,8,41,49,TOR,D,1472.8000,1338,1285,51.01,1039,989,51.23,732,698,51.19,70,47,59.83,62.33,54.52,53.34,792,677,53.91,294,268,52.31,44,32,57.89,498,409,54.91,21,9,70.00,494,544,5,6,45.45,9.56,93.27,1.028
Nathan Bastian,55,5,8,13,"N.J, SEA",R,570.7333,480,479,50.05,368,361,50.48,260,264,49.62,23,22,51.11,20.17,18.81,51.75,216,217,49.88,103,88,53.93,14,13,51.85,113,129,46.69,6,5,54.55,241,230,3,3,50.00,8.85,91.67,1.005
Nathan Beaulieu,35,0,2,2,WPG,D,415.5333,359,430,45.50,280,334,45.60,195,239,44.93,14,23,37.84,14.91,19.60,43.21,168,214,43.98,56,89,38.62,9,14,39.13,112,125,47.26,4,8,33.33,173,190,1,1,50.00,7.18,90.38,0.976
Nathan MacKinnon,56,21,54,75,COL,C,857.5000,979,618,61.30,712,465,60.49,498,351,58.66,54,33,62.07,41.69,24.93,62.58,509,289,63.78,175,113,60.76,20,15,57.14,334,176,65.49,20,13,60.61,421,271,14,5,73.68,10.84,90.60,1.014
Nazem Kadri,74,18,41,59,COL,C,955.4333,1023,800,56.12,724,621,53.83,533,444,54.55,46,43,51.69,40.00,34.41,53.76,483,389,55.39,190,158,54.60,28,20,58.33,293,231,55.92,10,18,35.71,475,347,8,5,61.54,8.63,90.32,0.989
Nick Caamano,24,0,1,1,DAL,R,216.1667,168,188,47.19,134,145,48.03,101,102,49.75,3,10,23.08,7.32,7.42,49.67,80,85,48.48,32,35,47.76,2,8,20.00,48,50,48.98,1,1,50.00,76,87,0,1,0.00,2.97,90.20,0.932
Nick Cousins,69,6,16,22,NSH,C,778.7667,689,676,50.48,511,518,49.66,383,392,49.42,28,28,50.00,27.49,27.35,50.13,315,311,50.32,137,113,54.80,15,15,50.00,178,198,47.34,5,10,33.33,318,315,8,3,72.73,7.31,92.86,1.002
Nick Holden,30,0,3,3,"OTT, VGK",D,438.1333,393,405,49.25,287,293,49.48,207,220,48.48,13,18,41.94,16.73,16.86,49.81,201,205,49.51,78,74,51.32,9,12,42.86,123,131,48.43,2,5,28.57,156,179,2,1,66.67,6.28,91.82,0.981
Nick Paul,75,8,15,23,OTT,L,997.8333,887,921,49.06,665,686,49.22,458,492,48.21,32,45,41.56,31.64,38.25,45.27,378,434,46.55,133,157,45.86,20,21,48.78,245,277,46.93,5,19,20.83,441,424,6,5,54.55,6.99,90.85,0.978
Nick Ritchie,79,15,15,30,"BOS, TOR",L,949.4167,931,826,52.99,717,639,52.88,516,441,53.92,28,32,46.67,36.02,33.75,51.62,421,417,50.24,150,163,47.92,14,17,45.16,271,254,51.62,11,9,55.00,450,351,3,6,33.33,5.43,92.74,0.982
Nick Suzuki,79,19,37,56,MTL,C,1117.2333,1033,987,51.14,750,731,50.64,559,532,51.24,42,47,47.19,41.46,38.06,52.14,522,478,52.20,183,190,49.06,29,32,47.54,339,288,54.07,11,10,52.38,444,437,2,5,28.57,7.51,91.17,0.987
Nicolas Beaudin,20,2,4,6,CHI,D,237.2000,160,261,38.00,111,191,36.75,82,144,36.28,10,11,47.62,6.46,11.17,36.63,76,127,37.44,29,53,35.37,7,8,46.67,47,74,38.84,3,2,60.00,71,115,0,1,0.00,12.20,92.36,1.046
Nicolas Deslauriers,71,6,7,13,ANA,L,787.6833,596,756,44.08,437,552,44.19,298,377,44.15,19,36,34.55,21.71,32.50,40.05,256,364,41.29,95,142,40.08,12,22,35.29,161,222,42.04,4,12,25.00,279,331,3,2,60.00,6.38,90.45,0.968
Nicolas Hague,73,8,18,26,VGK,D,1092.4500,1066,964,52.51,803,696,53.57,578,503,53.47,55,44,55.56,47.74,44.12,51.97,524,504,50.97,203,203,50.00,26,27,49.06,321,301,51.61,22,12,64.71,478,382,7,5,58.33,9.52,91.25,1.008
Nicolas Roy,69,8,16,24,VGK,C,835.7333,842,745,53.06,621,533,53.81,470,390,54.65,40,30,57.14,40.36,33.00,55.01,455,381,54.43,195,156,55.56,19,16,54.29,260,225,53.61,16,9,64.00,327,315,5,5,50.00,8.51,92.31,1.008
Noah Dobson,61,3,15,18,NYI,D,878.2500,769,829,48.12,578,610,48.65,419,455,47.94,33,27,55.00,32.32,33.86,48.84,369,435,45.90,152,162,48.41,18,14,56.25,217,273,44.29,9,9,50.00,356,348,6,4,60.00,7.88,94.07,1.019
Noah Gregor,35,5,2,7,S.J,C,385.7500,328,408,44.57,250,303,45.21,184,222,45.32,10,26,27.78,12.65,16.96,42.72,150,200,42.86,60,85,41.38,4,13,23.53,90,115,43.90,4,8,33.33,162,186,2,5,28.57,5.43,88.29,0.937
Nolan Patrick,56,5,5,10,"PHI, VGK",C,609.7333,524,510,50.68,391,395,49.75,260,288,47.45,14,39,26.42,21.29,20.02,51.54,245,214,53.38,96,97,49.74,11,20,35.48,149,117,56.02,3,10,23.08,232,262,0,9,0.00,5.38,86.46,0.918
Owen Tippett,66,11,17,28,FLA,R,710.5833,727,608,54.46,567,460,55.21,437,360,54.83,32,29,52.46,30.16,25.10,54.58,340,285,54.40,122,112,52.14,24,15,61.54,218,173,55.75,6,8,42.86,338,284,2,5,28.57,7.32,91.94,0.993
P.K. Subban,63,6,22,28,N.J,D,1078.0167,1028,941,52.21,760,735,50.84,554,562,49.64,40,52,43.48,42.41,41.68,50.43,470,461,50.48,188,188,50.00,26,32,44.83,282,273,50.81,10,10,50.00,490,431,4,10,28.57,7.22,90.75,0.980
Patrice Bergeron,72,31,35,66,BOS,C,874.6667,1015,582,63.56,801,442,64.44,611,331,64.86,59,32,64.84,38.21,23.41,62.01,444,279,61.41,148,106,58.27,28,20,58.33,296,173,63.11,18,7,72.00,514,265,12,5,70.59,9.66,90.33,1.000
Patrick Marleau,56,4,5,9,S.J,C,624.6333,529,578,47.79,387,433,47.20,278,318,46.64,17,25,40.48,22.13,24.56,47.40,267,269,49.81,110,121,47.62,12,16,42.86,157,148,51.48,3,6,33.33,224,263,2,3,40.00,6.12,92.14,0.983
Paul Byron,46,5,11,16,MTL,L,492.5333,412,418,49.64,299,315,48.70,218,220,49.77,16,13,55.17,12.93,15.67,45.21,184,178,50.83,74,68,52.11,8,5,61.54,110,110,50.00,4,5,44.44,198,189,4,3,57.14,7.34,94.09,1.014
Philip Tomasino,19,4,2,6,NSH,C,203.1333,178,177,50.14,145,128,53.11,101,94,51.79,4,9,30.77,7.17,7.14,50.11,80,97,45.20,20,27,42.55,1,6,14.29,60,70,46.15,2,3,40.00,83,67,1,0,100.00,3.96,90.43,0.944
Philippe Myers,52,1,10,11,"NSH, PHI",D,859.0833,811,706,53.46,609,552,52.45,444,402,52.48,35,47,42.68,31.07,30.66,50.33,366,348,51.26,127,154,45.20,18,23,43.90,239,194,55.20,15,16,48.39,387,311,2,8,20.00,7.88,88.31,0.962
Phillip Danault,73,8,25,33,"L.A, MTL",C,977.2667,1077,801,57.35,804,585,57.88,568,410,58.08,43,30,58.90,40.98,33.23,55.22,504,399,55.81,201,173,53.74,27,20,57.45,303,226,57.28,9,9,50.00,499,334,7,1,87.50,7.57,92.68,1.003
Pierre-Luc Dubois,67,20,19,39,"CBJ, WPG","C, L",912.1500,861,828,50.98,659,610,51.93,494,444,52.67,34,34,50.00,37.12,34.48,51.84,442,418,51.40,172,164,51.19,22,21,51.16,270,254,51.53,11,6,64.71,380,348,1,7,12.50,6.88,92.34,0.992
Pierre-Olivier Joseph,20,1,4,5,PIT,D,314.8167,297,270,52.38,234,191,55.06,177,144,55.14,11,12,47.83,11.96,12.05,49.83,135,139,49.27,51,64,44.35,6,8,42.86,84,75,52.83,3,3,50.00,134,108,2,1,66.67,6.21,91.67,0.979
Reilly Smith,74,23,17,40,VGK,R,973.5000,1061,858,55.29,769,630,54.97,548,459,54.42,44,37,54.32,46.05,41.90,52.36,536,459,53.87,193,185,51.06,27,24,52.94,343,274,55.59,10,10,50.00,457,336,7,3,70.00,8.03,91.94,1.000
Rhett Gardner,28,1,1,2,DAL,C,266.3000,196,235,45.48,147,180,44.95,101,124,44.89,6,15,28.57,7.25,9.08,44.40,86,101,45.99,33,42,44.00,5,9,35.71,53,59,47.32,1,3,25.00,92,116,0,3,0.00,5.94,87.90,0.938
Riley Nash,52,2,5,7,"CBJ, WPG",C,501.6500,366,424,46.33,276,318,46.46,212,222,48.85,16,20,44.44,12.26,16.35,42.85,154,178,46.39,47,68,40.87,5,9,35.71,107,110,49.31,5,5,50.00,174,220,6,6,50.00,7.55,90.99,0.985
Riley Sheahan,68,5,11,16,"BUF, SEA",C,711.7000,546,686,44.32,426,533,44.42,295,376,43.96,22,35,38.60,23.97,30.19,44.25,259,316,45.04,124,136,47.69,12,21,36.36,135,180,42.86,10,9,52.63,252,341,0,5,0.00,7.46,90.69,0.981
Riley Stillman,33,1,2,3,"CHI, FLA",D,448.2667,372,457,44.87,276,348,44.23,210,266,44.12,18,17,51.43,16.42,18.31,47.27,174,226,43.50,86,98,46.74,14,9,60.87,88,128,40.74,3,6,33.33,179,212,1,2,33.33,8.57,93.61,1.022
Robby Fabbri,52,14,14,28,DET,C,709.0667,605,691,46.68,477,524,47.65,352,388,47.57,30,27,52.63,27.12,27.63,49.54,297,343,46.41,128,136,48.48,18,14,56.25,169,207,44.95,8,7,53.33,260,307,4,6,40.00,8.52,93.04,1.016
Robert Bortuzzo,57,2,5,7,STL,D,682.4000,571,537,51.53,430,399,51.87,301,280,51.81,16,22,42.11,24.32,23.56,50.79,299,256,53.87,113,119,48.71,9,16,36.00,186,137,57.59,3,5,37.50,227,239,4,1,80.00,5.32,92.14,0.975
Robert Thomas,54,5,27,32,STL,C,688.2000,594,611,49.29,478,475,50.16,357,354,50.21,39,32,54.93,28.49,28.13,50.32,333,295,53.03,119,123,49.17,18,22,45.00,214,172,55.44,15,6,71.43,234,272,6,4,60.00,10.92,90.96,1.019
Ryan Ellis,39,6,17,23,"NSH, PHI",D,692.2333,679,603,52.96,504,461,52.23,363,343,51.42,30,26,53.57,25.78,26.17,49.62,322,278,53.67,124,114,52.10,13,12,52.00,198,164,54.70,11,9,55.00,309,278,6,5,54.55,8.26,92.42,1.007
Ryan Getzlaf,70,6,31,37,ANA,C,968.6000,911,834,52.21,663,628,51.36,471,454,50.92,34,46,42.50,36.83,36.88,49.97,432,401,51.86,170,175,49.28,20,24,45.45,262,226,53.69,6,15,28.57,407,387,8,7,53.33,7.22,89.87,0.971
Ryan Graves,73,3,19,22,"COL, N.J",D,1150.9667,1200,933,56.26,877,698,55.68,617,506,54.94,55,42,56.70,45.55,37.45,54.88,567,454,55.53,220,174,55.84,32,26,55.17,347,280,55.34,15,16,48.39,553,415,8,0,100.00,8.91,91.70,1.006
Ryan Johansen,69,13,26,39,NSH,C,868.5333,782,786,49.87,614,590,51.00,435,432,50.17,31,27,53.45,31.03,32.11,49.15,360,381,48.58,122,151,44.69,15,19,44.12,238,230,50.85,13,5,72.22,371,356,3,3,50.00,7.13,93.75,1.009
Ryan Lomberg,46,3,4,7,FLA,L,420.7333,382,344,52.62,303,275,52.42,233,209,52.71,17,14,54.84,15.37,16.65,48.00,188,175,51.79,66,84,44.00,8,8,50.00,122,91,57.28,5,3,62.50,160,147,4,3,57.14,7.30,93.30,1.006
Ryan McLeod,22,3,1,4,EDM,C,214.1833,177,179,49.72,131,133,49.62,98,97,50.26,8,8,50.00,6.57,6.43,50.53,76,75,50.33,32,28,53.33,5,3,62.50,44,47,48.35,2,4,33.33,83,84,1,1,50.00,8.16,91.75,0.999
Ryan Murray,65,0,18,18,"COL, N.J",D,999.3667,849,925,47.86,640,702,47.69,480,515,48.24,46,43,51.69,34.26,37.67,47.63,399,442,47.44,149,163,47.76,22,24,47.83,250,279,47.26,16,11,59.26,392,438,8,8,50.00,9.58,91.65,1.012
Ryan Nugent-Hopkins,72,18,37,55,EDM,C,1018.5833,934,906,50.76,681,687,49.78,498,506,49.60,44,42,51.16,42.72,37.22,53.44,482,440,52.28,212,178,54.36,27,21,56.25,270,262,50.75,15,13,53.57,382,398,1,8,11.11,8.84,91.70,1.005
Ryan O'Reilly,73,27,37,64,STL,C,1045.2833,930,863,51.87,684,649,51.31,525,462,53.19,45,32,58.44,34.79,37.62,48.04,420,433,49.24,142,174,44.94,24,14,63.16,278,259,51.77,14,12,53.85,428,361,7,6,53.85,8.57,93.07,1.016
Ryan Pulock,68,2,17,19,NYI,D,1216.7167,1081,1074,50.16,817,789,50.87,610,553,52.45,55,37,59.78,48.88,38.02,56.25,579,502,53.56,252,162,60.87,39,19,67.24,327,340,49.03,10,11,47.62,439,517,6,7,46.15,9.02,93.31,1.023
Ryan Reaves,53,1,7,8,"NYR, VGK",R,517.9500,423,459,47.96,294,336,46.67,198,245,44.70,18,21,46.15,17.80,18.86,48.55,205,214,48.93,94,88,51.65,12,11,52.17,111,126,46.84,3,6,33.33,184,205,3,4,42.86,9.09,91.43,1.005
Ryan Strome,72,17,46,63,NYR,C,971.5667,867,891,49.32,651,678,48.98,475,477,49.89,49,39,55.68,37.69,35.58,51.44,426,434,49.53,155,162,48.90,24,17,58.54,271,272,49.91,17,16,51.52,384,398,8,6,57.14,10.32,91.82,1.021
Sam Bennett,65,17,22,39,"CGY, FLA",C,787.3000,800,632,55.87,610,483,55.81,452,375,54.66,41,35,53.95,33.21,27.70,54.53,404,318,55.96,147,138,51.58,22,19,53.66,257,180,58.81,15,14,51.72,346,274,4,2,66.67,9.07,90.67,0.997
Sam Carrick,27,6,5,11,ANA,C,296.3000,267,258,50.86,187,203,47.95,144,145,49.83,10,9,52.63,10.29,11.09,48.13,136,115,54.18,54,53,50.47,8,7,53.33,82,62,56.94,1,1,50.00,101,122,1,1,50.00,6.94,93.79,1.007
Sam Gagner,64,9,15,24,DET,C,697.1833,537,613,46.70,432,475,47.63,317,369,46.21,22,32,40.74,22.52,25.33,47.06,227,291,43.82,102,108,48.57,12,16,42.86,125,183,40.58,5,11,31.25,262,271,5,5,50.00,6.94,91.33,0.983
Sam Reinhart,75,29,23,52,"BUF, FLA","C, R",1106.4000,980,969,50.28,762,744,50.60,564,560,50.18,43,55,43.88,41.05,39.03,51.26,457,457,50.00,186,187,49.87,24,24,50.00,271,270,50.09,13,18,41.94,469,447,6,13,31.58,7.62,90.18,0.978
Sam Steel,57,10,6,16,ANA,C,687.1833,568,622,47.73,406,475,46.08,275,353,43.79,23,28,45.10,22.60,27.98,44.67,254,311,44.96,108,135,44.44,13,15,46.43,146,176,45.34,6,6,50.00,268,266,3,7,30.00,8.36,92.07,1.004
Sammy Blais,50,8,11,19,"NYR, STL",L,596.9000,462,552,45.56,344,412,45.50,251,302,45.39,28,24,53.85,19.52,25.40,43.46,232,288,44.62,90,121,42.65,14,12,53.85,142,167,45.95,11,10,52.38,191,230,3,2,60.00,11.16,92.05,1.032
Samuel Girard,64,6,35,41,COL,D,1182.4500,1286,935,57.90,930,682,57.69,693,497,58.24,64,50,56.14,52.94,38.43,57.94,630,430,59.43,217,175,55.36,29,20,59.18,413,255,61.83,26,25,50.98,594,435,9,5,64.29,9.24,89.94,0.992
Scott Harrington,18,1,3,4,CBJ,D,253.4833,177,252,41.26,131,184,41.59,93,136,40.61,10,18,35.71,5.29,9.97,34.69,70,117,37.43,20,44,31.25,2,8,20.00,50,73,40.65,3,6,33.33,93,118,5,4,55.56,10.75,86.76,0.975
Scott Laughton,73,13,13,26,PHI,C,946.3500,842,863,49.38,633,619,50.56,456,433,51.29,33,25,56.90,34.33,32.93,51.04,373,411,47.58,154,149,50.83,16,14,53.33,219,262,45.53,13,6,68.42,407,391,4,5,44.44,7.24,94.23,1.015
Sean Couturier,65,23,32,55,PHI,C,897.7667,960,712,57.42,718,542,56.98,519,417,55.45,44,51,46.32,37.08,32.05,53.64,424,366,53.67,156,152,50.65,23,29,44.23,268,214,55.60,16,13,55.17,464,307,5,9,35.71,8.48,87.77,0.962
Sean Monahan,71,12,26,38,CGY,C,893.8000,757,759,49.93,582,591,49.62,416,430,49.17,26,28,48.15,30.73,29.65,50.89,359,357,50.14,139,141,49.64,14,15,48.28,220,216,50.46,7,11,38.89,346,358,5,2,71.43,6.25,93.49,0.997
Sean Walker,53,5,15,20,L.A,D,774.4500,717,748,48.94,548,549,49.95,386,406,48.74,32,41,43.84,28.59,34.13,45.58,327,412,44.25,132,157,45.67,23,24,48.94,195,255,43.33,6,11,35.29,340,286,3,5,37.50,8.29,89.90,0.982
Shea Theodore,72,11,42,53,VGK,D,1315.1833,1351,1223,52.49,976,893,52.22,720,653,52.44,74,48,60.66,61.78,56.15,52.39,682,600,53.20,282,257,52.32,37,27,57.81,400,343,53.84,24,14,63.16,565,520,13,7,65.00,10.28,92.65,1.029
Shea Weber,48,6,13,19,MTL,D,789.3333,790,692,53.31,579,521,52.64,426,366,53.79,30,29,50.85,28.30,25.75,52.36,351,306,53.42,133,125,51.55,18,20,47.37,218,181,54.64,7,7,50.00,381,320,5,2,71.43,7.04,92.08,0.991
Sidney Crosby,64,26,42,68,PIT,C,1011.9167,947,870,52.12,725,674,51.82,538,506,51.53,44,37,54.32,41.51,37.40,52.61,488,412,54.22,199,179,52.65,28,22,56.00,289,233,55.36,9,10,47.37,415,399,7,5,58.33,8.18,92.69,1.009
Simon Benoit,17,1,0,1,ANA,D,244.6333,217,225,49.10,160,169,48.63,118,119,49.79,7,11,38.89,8.90,9.70,47.87,113,108,51.13,43,42,50.59,5,6,45.45,70,66,51.47,2,5,28.57,87,100,0,0,0.00,5.93,90.76,0.967
Slater Koekkoek,29,1,1,2,EDM,D,302.2167,244,337,42.00,179,247,42.02,135,179,42.99,8,19,29.63,9.74,13.70,41.56,110,178,38.19,54,69,43.90,3,10,23.08,56,109,33.94,2,7,22.22,117,137,3,2,60.00,5.93,89.39,0.953
Steven Lorentz,63,5,6,11,CAR,C,625.8500,604,510,54.22,453,380,54.38,306,257,54.35,20,14,58.82,25.20,20.92,54.64,262,213,55.16,124,100,55.36,15,9,62.50,138,113,54.98,2,2,50.00,298,245,2,3,40.00,6.54,94.55,1.011
Steven Stamkos,58,28,30,58,T.B,C,743.4667,706,652,51.99,539,525,50.66,391,406,49.06,39,27,59.09,29.58,27.47,51.85,352,329,51.69,126,129,49.41,21,16,56.76,226,200,53.05,7,9,43.75,307,281,11,2,84.62,9.97,93.35,1.033
Tanner Jeannot,36,10,6,16,NSH,L,437.9333,334,403,45.32,259,297,46.58,181,212,46.06,19,18,51.35,14.52,16.23,47.22,168,193,46.54,71,72,49.65,11,9,55.00,97,121,44.50,7,7,50.00,147,176,1,2,33.33,10.50,91.51,1.020
Tanner Pearson,73,13,12,25,VAN,L,964.3667,923,974,48.66,689,730,48.56,525,564,48.21,38,42,47.50,36.30,42.63,45.99,420,493,46.00,154,190,44.77,23,26,46.94,266,303,46.75,6,14,30.00,425,427,9,2,81.82,7.24,92.55,0.998
Taylor Hall,71,15,28,43,"BOS, BUF",L,972.4333,1007,763,56.89,794,587,57.49,571,458,55.49,43,44,49.43,43.65,31.30,58.24,471,372,55.87,200,148,57.47,20,23,46.51,271,224,54.75,12,17,41.38,486,349,11,4,73.33,7.53,90.39,0.979
Thomas Chabot,68,6,33,39,OTT,D,1455.1333,1414,1451,49.35,1063,1074,49.74,755,765,49.67,57,61,48.31,57.03,59.62,48.89,678,698,49.27,260,280,48.15,28,29,49.12,418,418,50.00,19,20,48.72,640,653,10,11,47.62,7.55,92.03,0.996
Tom Wilson,69,21,34,55,WSH,R,902.3333,783,795,49.62,588,602,49.41,415,419,49.76,56,36,60.87,30.92,30.87,50.04,365,353,50.84,145,127,53.31,29,17,63.04,220,226,49.33,18,13,58.06,368,377,9,6,60.00,13.49,91.41,1.049
Travis Dermott,67,2,5,7,TOR,D,862.7000,775,736,51.29,587,580,50.30,429,417,50.71,27,30,47.37,35.11,27.87,55.75,419,332,55.79,174,126,58.00,17,14,54.84,245,206,54.32,9,11,45.00,306,348,1,5,16.67,6.29,92.81,0.991
Travis Hamonic,45,3,8,11,VAN,D,761.4833,637,783,44.86,451,556,44.79,324,407,44.32,22,27,44.90,23.49,31.76,42.52,295,416,41.49,94,149,38.68,9,14,39.13,201,267,42.95,9,10,47.37,293,320,4,3,57.14,6.79,93.37,1.002
Travis Konecny,70,16,28,44,PHI,R,918.9333,917,791,53.69,675,615,52.33,482,465,50.90,36,40,47.37,34.13,33.48,50.48,408,384,51.52,139,161,46.33,23,23,50.00,269,223,54.67,10,10,50.00,450,368,3,6,33.33,7.47,91.40,0.989
Travis Sanheim,75,3,15,18,PHI,D,1374.9167,1304,1191,52.26,987,914,51.92,711,686,50.89,49,70,41.18,51.54,50.77,50.38,588,575,50.56,216,242,47.16,28,40,41.18,372,333,52.77,18,23,43.90,617,538,3,7,30.00,6.89,89.80,0.967
Travis Zajac,46,8,12,20,"N.J, NYI",C,584.5167,526,524,50.10,383,416,47.93,274,314,46.60,22,20,52.38,20.94,23.99,46.61,230,266,46.37,91,112,44.83,10,14,41.67,139,154,47.44,8,4,66.67,260,228,4,2,66.67,8.03,93.63,1.017
Troy Stecher,50,3,9,12,DET,D,781.6000,590,716,45.18,458,559,45.03,334,415,44.59,29,40,42.03,23.50,28.47,45.22,268,322,45.42,103,119,46.40,19,20,48.72,165,203,44.84,5,13,27.78,275,348,5,7,41.67,8.68,90.36,0.990
Ty Dellandrea,26,3,2,5,DAL,C,270.8333,228,237,49.03,164,178,47.95,125,123,50.40,8,9,47.06,7.91,8.85,47.19,94,101,48.21,41,35,53.95,5,5,50.00,53,66,44.54,2,2,50.00,110,112,1,2,33.33,6.40,92.68,0.991
Ty Smith,62,3,23,26,N.J,D,1012.6167,955,900,51.48,700,731,48.92,498,541,47.93,37,45,45.12,39.15,42.99,47.66,462,444,50.99,167,182,47.85,20,26,43.48,295,262,52.96,11,14,44.00,447,416,6,5,54.55,7.43,91.68,0.991
Tyler Bertuzzi,28,14,11,25,DET,L,400.3667,364,358,50.42,277,289,48.94,217,222,49.43,19,12,61.29,18.31,16.03,53.32,198,182,52.11,85,78,52.15,12,8,60.00,113,104,52.07,6,2,75.00,143,155,1,2,33.33,8.76,94.59,1.034
Tyler Bozak,52,6,18,24,STL,C,577.6500,444,542,45.03,334,405,45.20,243,272,47.18,18,29,38.30,17.09,21.50,44.29,216,248,46.55,76,103,42.46,10,16,38.46,140,145,49.12,5,7,41.67,183,257,3,6,33.33,7.41,89.34,0.967
Tyler Ennis,48,4,14,18,"EDM, OTT","C, R",537.6333,413,502,45.14,316,378,45.53,228,270,45.78,19,23,45.24,18.02,19.57,47.94,208,230,47.49,92,91,50.27,10,9,52.63,116,139,45.49,6,9,40.00,178,242,2,5,28.57,8.33,91.48,0.998
Tyler Myers,77,6,21,27,VAN,D,1319.2667,1167,1293,47.44,875,991,46.89,655,734,47.16,49,59,45.37,48.30,59.54,44.79,546,670,44.90,208,256,44.83,28,38,42.42,338,414,44.95,15,18,45.45,530,535,6,3,66.67,7.48,91.96,0.994
Tyler Seguin,22,7,4,11,DAL,C,314.3167,274,297,47.99,203,219,48.10,167,163,50.61,9,14,39.13,11.00,13.21,45.43,135,148,47.70,57,54,51.35,9,9,50.00,78,94,45.35,0,4,0.00,122,128,0,1,0.00,5.39,91.41,0.968
Tyler Toffoli,75,33,26,59,MTL,"C, R",983.5333,1000,840,54.35,720,640,52.94,514,458,52.88,39,43,47.56,38.71,35.52,52.15,511,415,55.18,180,178,50.28,24,32,42.86,331,237,58.27,12,6,66.67,433,352,3,5,37.50,7.59,90.61,0.982
Tyson Barrie,76,11,49,60,EDM,D,1262.8667,1233,1264,49.38,918,1000,47.86,688,748,47.91,68,64,51.52,51.57,55.95,47.96,590,624,48.60,227,260,46.61,26,30,46.43,363,364,49.93,32,18,64.00,554,562,8,15,34.78,9.88,91.44,1.013
Tyson Jost,72,9,14,23,COL,C,842.3833,816,639,56.08,599,461,56.51,444,339,56.70,37,27,57.81,32.98,25.38,56.51,407,294,58.06,151,126,54.51,22,12,64.71,256,168,60.38,12,11,52.17,348,294,3,4,42.86,8.33,92.04,1.004
Victor Mete,41,1,8,9,"MTL, OTT",D,560.5167,491,532,48.00,346,401,46.32,246,295,45.47,22,26,45.83,18.24,20.95,46.54,240,247,49.28,83,99,45.60,13,16,44.83,157,148,51.48,6,8,42.86,220,247,3,2,60.00,8.94,91.19,1.001
Vince Dunn,62,7,22,29,"SEA, STL",D,1021.4000,866,860,50.17,607,639,48.72,476,468,50.42,32,45,41.56,31.79,35.53,47.22,403,413,49.39,137,174,44.05,16,30,34.78,266,239,52.67,11,11,50.00,398,385,5,4,55.56,6.72,90.38,0.971
Warren Foegele,73,12,16,28,"CAR, EDM",L,908.1333,868,764,53.19,646,598,51.93,467,443,51.32,34,35,49.28,38.32,33.66,53.24,419,368,53.24,185,152,54.90,26,22,54.17,234,216,52.00,3,11,21.43,377,335,5,2,71.43,7.28,92.10,0.994
Wayne Simmonds,60,10,7,17,TOR,R,592.6333,555,526,51.34,429,392,52.25,320,291,52.37,16,13,55.17,25.17,19.94,55.80,281,274,50.63,120,103,53.81,15,5,75.00,161,171,48.49,0,7,0.00,240,218,1,1,50.00,5.00,95.53,1.005
William Carrier,65,8,11,19,VGK,L,673.2500,674,579,53.79,500,426,54.00,350,323,52.01,27,24,52.94,29.60,27.34,51.99,321,296,52.03,138,126,52.27,16,16,50.00,183,170,51.84,7,6,53.85,291,231,4,2,66.67,7.71,92.57,1.003
Wyatt Kalynuk,22,4,5,9,CHI,D,310.5333,261,331,44.09,190,264,41.85,152,203,42.82,13,21,38.24,10.39,17.80,36.87,112,171,39.58,46,85,35.11,8,12,40.00,66,86,43.42,3,5,37.50,132,143,2,4,33.33,8.55,89.66,0.982
Yanni Gourde,73,22,26,48,"SEA, T.B",C,971.0167,916,770,54.33,715,586,54.96,532,444,54.51,41,40,50.62,38.18,30.02,55.98,469,385,54.92,188,139,57.49,27,15,64.29,281,246,53.32,10,13,43.48,397,336,4,12,25.00,7.71,90.99,0.987
Zach Hyman,63,24,24,48,"EDM, TOR",L,915.1500,897,802,52.80,687,599,53.42,502,439,53.35,48,30,61.54,44.96,30.63,59.48,547,375,59.33,236,155,60.36,33,15,68.75,311,220,58.57,11,7,61.11,305,362,4,8,33.33,9.56,93.17,1.027
Zach Whitecloud,60,4,11,15,VGK,D,922.8500,841,775,52.04,613,535,53.40,430,389,52.50,39,28,58.21,34.93,31.31,52.73,405,370,52.26,162,139,53.82,22,18,55.00,243,231,51.27,13,6,68.42,383,338,4,4,50.00,9.07,92.80,1.019
Zack Kassian,43,6,8,14,EDM,R,508.5500,404,459,46.81,296,348,45.96,213,266,44.47,17,24,41.46,16.09,19.51,45.20,192,223,46.27,81,83,49.39,10,11,47.62,111,140,44.22,6,9,40.00,175,199,1,4,20.00,7.98,90.98,0.990
Zack MacEwen,52,2,1,3,"PHI, VAN",C,457.7167,378,450,45.65,283,344,45.14,199,240,45.33,13,20,39.39,14.84,19.96,42.65,159,232,40.66,65,92,41.40,7,11,38.89,94,140,40.17,4,5,44.44,182,189,2,4,33.33,6.53,91.67,0.982
