player,team,pos,gp,toi,goals,total_assists,primary_assist,secondary_assist,total_points,goals_per_60,assists_per_60,pts_per_60,ipp_shots,shooting_perc,ixg,icf,iff,iscf,ihdcf,rush_attempts,rebounds_created,pim,total_penalties,minor,major,misconduct,penalties_drawn,giveaways,takeaways,hits,hits_taken,shots_blocked,faceoffs_won,faceoffs_lost,faceoffs_perc
Aaron Ekblad,FLA,D,56,975.2330,8,11,5,6,19,0.492,0.677,1.169,41.30,8.00,4.44,183,138,56,14,4,11,25,11,10,1,0,8,30,18,38,59,32,0,0,0.00
Adam Henrique,ANA,C,66,858.0170,13,13,8,5,26,0.909,0.909,1.818,66.67,12.38,10.67,180,142,117,63,8,16,13,5,4,1,0,3,25,17,45,40,44,254,215,54.16
Adam Lowry,WPG,C,73,877.0670,11,13,7,6,24,0.753,0.889,1.642,80.00,12.94,8.40,149,113,95,40,1,7,13,5,4,1,0,12,15,20,203,107,31,371,329,53.00
Adam Pelech,NYI,D,69,1223.9830,3,11,5,6,14,0.147,0.539,0.686,25.45,3.75,3.66,180,120,43,8,1,9,16,8,8,0,0,7,45,29,82,117,68,0,0,0.00
Alex Chiasson,"EDM, VAN",R,62,536.6330,4,6,2,4,10,0.447,0.671,1.118,66.67,8.89,3.97,75,59,46,15,3,5,20,7,5,2,0,5,12,13,59,63,9,2,3,40.00
Alex Formenton,OTT,L,36,373.1330,5,3,1,2,8,0.804,0.482,1.286,66.67,11.90,3.23,62,49,41,19,2,2,17,7,6,1,0,7,8,15,49,23,7,1,1,50.00
Alex Killorn,T.B,L,76,945.4170,13,19,10,9,32,0.825,1.206,2.031,74.42,12.62,8.92,185,147,112,41,4,6,34,17,17,0,0,15,13,17,67,62,11,0,2,0.00
Alex Pietrangelo,VGK,D,62,1148.0670,8,14,6,8,22,0.418,0.732,1.150,34.92,5.71,5.79,282,198,83,11,5,16,10,5,5,0,0,5,25,43,41,128,101,0,0,0.00
Alexander Kerfoot,TOR,C,79,957.3170,10,20,12,8,30,0.627,1.254,1.880,71.43,11.24,7.88,145,117,99,42,3,3,14,7,7,0,0,10,33,20,53,148,38,117,165,41.49
Alexandre Carrier,NSH,D,37,608.4330,2,4,3,1,6,0.197,0.394,0.592,31.58,4.35,2.68,106,70,28,7,2,7,12,6,6,0,0,5,16,20,27,64,38,0,0,0.00
Alexis Lafreni√®re,NYR,L,76,910.4500,16,10,6,4,26,1.054,0.659,1.713,68.42,19.28,8.30,138,113,85,42,3,6,10,5,5,0,0,9,16,19,75,79,18,16,25,39.02
Andreas Athanasiou,L.A,C,55,701.6830,10,13,10,3,23,0.855,1.112,1.967,76.67,11.49,6.92,153,119,78,32,8,6,15,6,5,1,0,15,8,24,12,49,18,2,0,100.00
Andrew Cogliano,"DAL, S.J",C,74,867.9170,5,6,3,3,11,0.346,0.415,0.760,57.89,5.10,8.06,177,138,98,47,13,7,16,8,8,0,0,12,13,15,104,72,22,9,14,39.13
Andrew Mangiapane,CGY,L,77,966.3670,25,13,11,2,38,1.552,0.807,2.359,84.44,21.55,13.64,207,161,155,76,8,13,16,8,8,0,0,11,22,36,65,58,27,6,21,22.22
Anthony Beauvillier,NYI,L,63,860.5500,12,16,8,8,28,0.837,1.116,1.952,68.29,10.91,10.14,173,141,130,55,7,12,10,5,5,0,0,9,26,25,50,79,19,2,1,66.67
Anthony Cirelli,T.B,C,70,907.1000,5,14,7,7,19,0.331,0.926,1.257,57.58,6.10,7.64,130,110,87,44,5,6,6,3,3,0,0,18,16,15,81,86,34,242,274,46.90
Anthony Duclair,FLA,L,62,804.5170,11,23,15,8,34,0.820,1.715,2.536,64.15,9.73,9.95,173,138,113,55,7,11,14,7,7,0,0,16,24,24,37,84,12,0,2,0.00
Anthony Mantha,"DET, WSH",R,66,919.5500,10,10,7,3,20,0.652,0.652,1.305,52.63,9.52,8.47,180,144,104,40,7,8,14,7,7,0,0,5,28,13,52,45,33,14,15,48.28
Austin Wagner,L.A,L,44,449.6330,4,4,3,1,8,0.534,0.534,1.068,72.73,6.15,4.99,98,85,58,26,4,6,8,4,4,0,0,9,5,5,97,45,10,0,2,0.00
Barclay Goodrow,"NYR, T.B",C,75,924.3330,3,18,9,9,21,0.195,1.168,1.363,50.00,3.61,7.84,125,108,87,46,1,4,50,22,20,2,0,6,18,19,150,86,30,128,134,48.85
Barrett Hayton,ARI,C,29,313.4000,3,2,1,1,5,0.574,0.383,0.957,55.56,15.00,2.09,39,34,26,15,0,0,2,1,1,0,0,6,8,7,30,27,9,112,108,50.91
Ben Chiarot,MTL,D,64,1149.8830,4,6,4,2,10,0.209,0.313,0.522,28.57,3.81,3.28,216,140,62,9,4,10,43,19,18,1,0,7,57,12,108,114,77,0,0,0.00
Ben Harpur,NSH,D,38,540.5500,0,6,3,3,6,0.000,0.666,0.666,31.58,0.00,1.08,63,48,14,1,2,2,16,8,8,0,0,3,32,7,52,46,34,0,0,0.00
Ben Hutton,"ANA, TOR, VGK",D,45,697.1000,1,6,3,3,7,0.086,0.516,0.602,36.84,1.85,2.24,108,70,24,7,0,4,23,7,4,3,0,2,16,10,48,69,39,0,0,0.00
Blake Comeau,DAL,L,57,759.2830,4,8,4,4,12,0.316,0.632,0.948,63.16,5.56,6.02,130,93,74,31,7,13,16,8,8,0,0,5,21,17,116,48,20,46,38,54.76
Bo Horvat,VAN,C,78,1143.2830,15,15,9,6,30,0.787,0.787,1.574,66.67,11.72,11.19,198,163,131,60,7,7,18,9,9,0,0,5,18,30,82,66,50,665,621,51.71
Boone Jenner,CBJ,C,60,850.1000,10,10,5,5,20,0.706,0.706,1.412,71.43,9.52,9.90,174,144,102,48,7,13,6,3,3,0,0,7,27,18,88,47,53,367,255,59.00
Bowen Byram,COL,D,31,510.3500,3,5,2,3,8,0.353,0.588,0.941,36.36,8.11,1.84,79,52,23,6,0,7,18,9,9,0,0,5,8,2,46,64,24,0,0,0.00
Brad Marchand,BOS,"C, L",71,930.6500,20,29,17,12,49,1.289,1.870,3.159,83.05,16.26,11.15,187,150,118,54,5,12,50,25,25,0,0,16,40,42,72,63,11,9,22,29.03
Brad Richardson,"CGY, NSH",R,29,290.6330,3,3,3,0,6,0.619,0.619,1.239,85.71,11.11,2.18,40,34,27,12,1,1,8,4,4,0,0,2,1,5,34,19,12,104,74,58.43
Brandon Hagel,CHI,L,70,869.7000,13,11,10,1,24,0.897,0.759,1.656,80.00,12.38,8.88,171,128,102,49,7,7,6,3,3,0,0,17,15,38,70,136,29,8,12,40.00
Brandon Montour,"BUF, FLA",D,71,1180.0170,6,15,7,8,21,0.305,0.763,1.068,42.00,5.13,5.64,228,171,66,16,2,14,44,22,22,0,0,5,31,20,60,83,70,0,0,0.00
Brandon Sutter,VAN,C,43,503.9670,6,3,2,1,9,0.714,0.357,1.071,56.25,11.76,4.74,77,68,38,21,4,3,2,1,1,0,0,8,13,18,16,46,22,211,170,55.38
Brandon Tanev,"PIT, SEA",L,53,638.0670,9,8,6,2,17,0.846,0.752,1.599,70.83,13.64,6.76,101,84,64,35,3,9,11,4,3,1,0,9,13,27,183,111,33,3,4,42.86
Brayden McNabb,VGK,D,62,998.9330,2,10,2,8,12,0.120,0.601,0.721,30.77,3.92,2.95,141,89,51,8,6,8,24,12,12,0,0,7,19,24,130,111,85,0,0,0.00
Brayden Point,T.B,C,72,1008.5500,18,14,5,9,32,1.071,0.833,1.904,65.31,16.67,11.91,188,158,138,62,11,8,16,5,3,2,0,20,11,32,34,63,20,225,265,45.92
Brayden Schenn,STL,C,68,972.8170,10,15,11,4,25,0.617,0.925,1.542,59.52,12.20,9.11,142,115,99,40,1,5,45,15,10,5,0,5,16,25,119,69,32,336,312,51.85
Braydon Coburn,"NYI, OTT",D,19,250.0830,0,1,1,0,1,0.000,0.240,0.240,11.11,0.00,0.55,36,25,5,2,0,3,10,5,5,0,0,1,12,2,24,20,17,0,0,0.00
Brendan Gallagher,MTL,R,57,718.0330,11,13,6,7,24,0.919,1.086,2.005,61.54,8.21,13.92,233,186,146,79,10,16,20,9,9,0,0,16,11,11,62,55,25,23,25,47.92
Brendan Lemieux,"L.A, NYR",L,63,610.2170,8,8,6,2,16,0.787,0.787,1.573,76.19,11.76,6.14,138,101,69,32,10,4,50,19,15,4,0,19,19,9,143,56,31,8,20,28.57
Brendan Smith,"CAR, NYR",D,57,820.5170,7,5,3,2,12,0.512,0.366,0.877,26.67,10.77,2.95,140,90,28,6,1,4,50,19,15,4,0,17,24,9,97,87,39,0,0,0.00
Brenden Dillon,"WPG, WSH",D,77,1291.4670,2,18,7,11,20,0.093,0.836,0.929,28.99,2.70,2.61,205,118,50,2,4,9,37,17,16,1,0,6,32,13,179,118,68,0,0,0.00
Brent Burns,S.J,D,77,1483.9500,5,19,12,7,24,0.202,0.768,0.970,38.71,4.17,5.82,275,177,80,16,16,23,40,20,20,0,0,4,56,46,34,37,96,0,0,0.00
Brett Connolly,"CHI, FLA",R,31,344.4830,2,2,2,0,4,0.348,0.348,0.697,36.36,9.09,2.04,45,28,25,10,0,3,0,0,0,0,0,3,8,7,43,29,8,3,8,27.27
Brett Howden,"NYR, VGK",C,59,587.5170,2,7,3,4,9,0.204,0.715,0.919,50.00,4.76,5.71,70,62,53,38,4,4,6,3,3,0,0,10,11,7,75,68,36,139,135,50.73
Brett Kulak,MTL,D,66,1037.7000,2,11,5,6,13,0.116,0.636,0.752,35.14,2.63,2.42,150,95,40,10,4,11,18,9,9,0,0,7,45,12,45,111,66,0,0,0.00
Brett Ritchie,CGY,R,41,431.9830,4,4,3,1,8,0.556,0.556,1.111,53.33,8.00,4.73,100,81,62,25,5,4,22,8,6,2,0,4,10,5,109,41,8,3,7,30.00
Brock McGinn,"CAR, PIT",L,58,725.3330,11,8,5,3,19,0.910,0.662,1.572,67.86,12.94,7.01,140,113,85,39,4,7,12,6,6,0,0,10,17,17,73,68,16,12,14,46.15
Cal Clutterbuck,NYI,R,67,748.4170,5,7,6,1,12,0.401,0.561,0.962,57.14,8.20,4.76,104,82,70,26,4,2,8,4,4,0,0,9,15,17,245,91,24,3,0,100.00
Cal Foote,T.B,D,46,553.8830,1,3,2,1,4,0.108,0.325,0.433,14.29,2.04,2.00,106,79,27,4,5,5,17,7,6,1,0,4,7,1,50,68,37,0,0,0.00
Cale Makar,COL,D,60,1085.3670,10,18,9,9,28,0.553,0.995,1.548,43.75,10.53,4.15,218,132,55,9,2,12,8,4,4,0,0,10,20,29,64,57,46,0,0,0.00
Calvin de Haan,CHI,D,64,1022.6670,1,8,3,5,9,0.059,0.469,0.528,31.03,1.32,2.69,184,118,34,5,1,12,12,6,6,0,0,7,42,17,114,76,101,0,0,0.00
Carson Soucy,"MIN, SEA",D,65,928.4830,3,15,6,9,18,0.194,0.969,1.163,40.00,4.84,2.43,112,84,30,5,4,4,41,15,12,3,0,6,23,17,92,83,54,0,0,0.00
Carter Rowney,"ANA, DET",C,30,324.7670,2,5,4,1,7,0.369,0.924,1.293,77.78,12.50,2.01,31,21,19,11,0,2,0,0,0,0,0,2,6,8,63,31,19,12,28,30.00
Carter Verhaeghe,FLA,C,64,937.2500,19,21,12,9,40,1.216,1.344,2.561,75.47,15.57,12.75,211,164,152,67,6,17,31,13,12,1,0,6,31,31,38,112,15,18,20,47.37
Casey Cizikas,NYI,C,72,825.9330,7,8,6,2,15,0.509,0.581,1.090,68.18,8.05,8.68,136,111,94,56,8,5,29,13,12,1,0,7,18,12,145,103,23,360,285,55.81
Chandler Stephenson,VGK,C,72,1015.6000,18,22,11,11,40,1.063,1.300,2.363,58.82,21.95,7.30,116,97,78,41,4,4,29,9,7,1,1,10,13,28,61,94,39,419,434,49.12
Chris Tierney,OTT,C,74,910.7500,6,11,7,4,17,0.395,0.725,1.120,58.62,9.84,6.92,104,86,67,34,2,8,8,4,4,0,0,6,32,19,35,38,37,299,330,47.54
Christopher Tanev,CGY,D,77,1340.0670,2,13,4,9,15,0.090,0.582,0.672,28.85,2.56,2.49,156,106,30,5,2,4,10,5,5,0,0,7,59,24,36,171,93,0,0,0.00
Claude Giroux,PHI,C,74,1013.3170,14,21,12,9,35,0.829,1.243,2.072,70.00,11.97,9.90,190,161,104,49,2,13,20,10,10,0,0,18,20,23,42,53,6,441,306,59.04
Cody Ceci,"EDM, PIT",D,73,1173.4330,5,18,8,10,23,0.256,0.920,1.176,41.07,6.25,2.95,150,103,28,7,0,7,12,6,6,0,0,5,20,12,91,156,81,0,0,0.00
Cody Eakin,BUF,C,62,699.6000,4,5,2,3,9,0.343,0.429,0.772,47.37,6.78,4.21,89,74,42,24,6,5,18,9,9,0,0,7,16,21,36,29,22,309,262,54.12
Cody Glass,"NSH, VGK",C,29,344.4500,0,4,4,0,4,0.000,0.697,0.697,33.33,0.00,2.22,48,29,29,11,1,7,8,4,4,0,0,6,5,11,10,28,11,94,142,39.83
Cole Sillinger,CBJ,C,19,227.7830,4,3,2,1,7,1.054,0.790,1.844,77.78,10.26,3.75,68,50,47,19,2,5,4,2,2,0,0,4,7,6,11,17,8,68,80,45.95
Colin Miller,BUF,D,69,1097.8500,5,11,7,4,16,0.273,0.601,0.874,40.00,6.49,2.34,162,115,21,2,0,6,26,13,13,0,0,13,30,17,113,72,62,0,0,0.00
Colton Parayko,STL,D,53,996.1830,2,14,5,9,16,0.120,0.843,0.964,44.44,2.35,2.81,176,119,34,5,2,9,18,9,9,0,0,7,31,16,47,101,80,0,0,0.00
Colton Sceviour,"EDM, PIT","C, R",57,456.3170,5,5,3,2,10,0.657,0.657,1.315,66.67,8.47,4.53,88,73,48,22,4,6,9,3,2,1,0,2,7,8,84,55,32,13,22,37.14
Colton Sissons,NSH,C,75,864.1330,8,10,4,6,18,0.555,0.694,1.250,60.00,11.59,6.30,113,97,70,46,2,5,16,8,8,0,0,4,12,19,104,34,29,369,298,55.32
Connor Brown,OTT,R,71,966.9500,17,13,7,6,30,1.055,0.807,1.862,73.17,15.89,8.75,181,141,103,37,10,4,6,3,3,0,0,7,30,48,21,76,32,4,8,33.33
Connor Bunnaman,PHI,C,20,208.4170,0,1,1,0,1,0.000,0.288,0.288,33.33,0.00,1.12,28,21,19,5,5,0,2,1,1,0,0,0,0,5,30,21,4,62,50,55.36
Connor McDavid,EDM,C,76,1276.8170,26,44,31,13,70,1.222,2.068,3.289,84.34,14.77,18.69,284,231,198,91,4,22,24,11,11,0,0,29,52,49,74,97,26,419,405,50.85
Connor McMichael,WSH,C,21,236.3830,2,5,3,2,7,0.508,1.269,1.777,70.00,5.26,3.63,60,47,41,20,2,6,6,3,3,0,0,1,6,7,10,10,7,66,96,40.74
Conor Timmins,"ARI, COL",D,37,484.2000,0,6,1,5,6,0.000,0.743,0.743,30.00,0.00,1.35,85,54,22,4,0,7,6,3,3,0,0,2,6,9,23,45,23,0,0,0.00
Corey Perry,"MTL, T.B",R,69,768.9000,7,8,7,1,15,0.546,0.624,1.171,75.00,9.09,7.83,131,105,88,48,9,4,34,10,7,2,1,15,19,15,76,67,24,3,6,33.33
Curtis Lazar,"BOS, BUF",C,63,685.3330,6,8,3,5,14,0.525,0.700,1.226,87.50,10.34,7.54,102,84,79,39,4,10,4,2,2,0,0,6,9,16,120,78,20,154,158,49.36
Damon Severson,N.J,D,74,1260.4830,4,10,5,5,14,0.190,0.476,0.666,37.84,4.04,5.05,211,144,59,10,8,8,24,12,12,0,0,6,52,27,63,63,61,0,0,0.00
Dante Fabbro,NSH,D,61,1031.6000,1,12,6,6,13,0.058,0.698,0.756,36.11,1.32,2.09,148,101,25,3,0,5,31,14,13,1,0,5,30,11,34,104,68,0,0,0.00
Danton Heinen,"ANA, PIT",L,64,759.3330,10,9,8,1,19,0.790,0.711,1.501,65.52,10.87,9.62,160,122,112,44,5,9,6,3,3,0,0,8,13,30,54,48,41,1,3,25.00
Darnell Nurse,EDM,D,72,1482.9000,12,16,6,10,28,0.486,0.647,1.133,32.94,6.98,6.87,333,233,100,14,4,14,43,20,19,1,0,8,61,26,171,80,83,0,0,0.00
Darren Helm,"COL, DET","C, L",65,758.0000,3,6,3,3,9,0.237,0.475,0.712,56.25,3.00,6.56,156,118,83,27,3,7,14,7,7,0,0,7,11,15,58,75,20,6,4,60.00
David Perron,STL,L,76,1079.9330,13,23,12,11,36,0.722,1.278,2.000,90.00,10.83,8.64,220,161,117,34,6,7,22,7,6,0,1,11,30,23,56,45,21,1,8,11.11
David Savard,"CBJ, MTL, T.B",D,77,1310.4330,0,6,1,5,6,0.000,0.275,0.275,22.22,0.00,3.11,153,110,34,7,2,5,24,12,12,0,0,6,40,10,166,98,125,0,0,0.00
Dawson Mercer,N.J,C,19,243.6330,6,6,6,0,12,1.478,1.478,2.955,63.16,17.14,3.11,63,48,40,20,4,0,10,4,4,0,0,3,14,13,7,23,7,40,107,27.21
Dennis Cholowski,"DET, WSH",D,19,252.8670,1,2,2,0,3,0.237,0.475,0.712,42.86,9.09,0.49,24,16,7,0,0,1,2,1,1,0,0,0,6,1,6,10,21,0,0,0.00
Derek Grant,ANA,C,65,704.2500,5,10,7,3,15,0.426,0.852,1.278,62.50,6.49,6.63,141,111,71,37,3,5,28,10,9,0,1,4,12,8,82,36,36,247,208,54.29
Derick Brassard,"ARI, PHI",C,70,800.6330,7,14,7,7,21,0.525,1.049,1.574,63.64,12.28,6.14,110,86,60,32,5,7,12,6,6,0,0,8,17,24,99,38,6,243,223,52.15
Devin Shore,EDM,C,46,424.1500,3,5,4,1,8,0.424,0.707,1.132,72.73,12.00,2.46,39,33,24,11,0,2,4,2,2,0,0,1,8,17,81,47,27,67,58,53.60
Devon Toews,COL,D,62,1164.7830,9,18,5,13,27,0.464,0.927,1.391,41.54,7.89,5.48,214,160,66,18,3,12,14,7,7,0,0,8,17,25,46,35,57,0,0,0.00
Dougie Hamilton,"CAR, N.J",D,71,1212.3830,11,15,7,8,26,0.544,0.742,1.287,43.33,6.01,7.97,338,251,107,17,18,14,31,14,13,1,0,5,42,15,65,45,80,1,0,100.00
Drake Batherson,OTT,R,70,916.3000,17,10,7,3,27,1.113,0.655,1.768,72.97,13.60,11.36,220,180,138,67,11,13,12,6,6,0,0,11,30,18,127,80,30,10,9,52.63
Drake Caggiula,"ARI, BUF",C,56,644.6330,4,9,6,3,13,0.372,0.838,1.210,59.09,6.35,5.61,108,87,60,31,4,7,19,7,6,1,0,7,11,12,78,43,15,5,9,35.71
Drew Doughty,L.A,D,60,1167.7670,0,16,10,6,16,0.000,0.822,0.822,40.00,0.00,2.49,140,82,38,5,2,10,20,10,10,0,0,5,38,5,86,86,61,0,0,0.00
Dryden Hunt,"ARI, NYR",L,46,507.7670,5,7,4,3,12,0.591,0.827,1.418,92.31,8.20,5.48,106,85,60,30,2,5,10,5,5,0,0,5,9,8,134,68,5,4,11,26.67
Duncan Keith,"CHI, EDM",D,72,1234.4500,4,9,5,4,13,0.194,0.437,0.632,25.49,4.12,3.79,200,128,41,6,2,15,28,13,13,0,0,2,63,33,36,83,97,0,0,0.00
Dylan Coghlan,VGK,D,45,573.8000,1,5,2,3,6,0.105,0.523,0.627,40.00,2.08,2.09,118,73,36,5,4,9,2,1,1,0,0,1,10,11,42,50,25,0,1,0.00
Dylan Cozens,BUF,C,62,766.4830,7,13,8,5,20,0.548,1.018,1.566,64.52,8.43,7.49,140,112,93,43,8,8,8,4,4,0,0,11,24,17,30,65,19,162,214,43.09
Dylan DeMelo,WPG,D,73,989.5670,0,9,5,4,9,0.000,0.546,0.546,21.43,0.00,2.14,111,79,28,8,3,8,20,10,10,0,0,4,49,6,98,110,70,0,0,0.00
Dylan Strome,CHI,C,52,620.6830,5,7,4,3,12,0.483,0.677,1.160,66.67,7.69,5.30,101,82,62,27,0,5,20,10,10,0,0,5,22,26,9,53,26,171,186,47.90
Dysin Mayo,ARI,D,16,265.9330,1,0,0,0,1,0.226,0.000,0.226,12.50,6.25,0.63,33,23,11,2,0,3,2,1,1,0,0,1,6,2,14,11,23,0,0,0.00
Eric Staal,"BUF, MTL",C,53,680.2670,3,6,2,4,9,0.265,0.529,0.794,90.00,4.55,6.54,126,93,72,32,3,9,8,4,4,0,0,2,23,16,21,34,14,235,238,49.68
Erik Gudbranson,"CGY, NSH, OTT",D,66,985.5170,1,7,3,4,8,0.061,0.426,0.487,26.67,1.19,2.21,176,113,31,2,5,8,24,12,12,0,0,6,41,9,122,127,65,0,0,0.00
Ethan Bear,"CAR, EDM",D,59,894.2670,3,11,5,6,14,0.201,0.738,0.939,37.84,4.23,2.68,140,94,29,5,3,8,26,12,12,0,0,8,43,18,40,104,45,0,0,0.00
Evan Bouchard,EDM,D,34,520.5500,3,8,2,6,11,0.346,0.922,1.268,55.00,3.95,2.97,137,97,23,5,0,6,4,2,2,0,0,4,25,9,29,30,35,0,0,0.00
Evan Rodrigues,PIT,C,56,693.0000,9,13,8,5,22,0.779,1.126,1.905,84.62,8.74,9.16,167,128,96,40,7,8,4,2,2,0,0,7,15,17,40,86,13,122,127,49.00
Evander Kane,S.J,L,56,808.7500,12,19,12,7,31,0.890,1.410,2.300,75.61,9.16,11.08,224,178,130,55,6,23,26,13,13,0,0,10,25,21,90,56,19,16,20,44.44
Frederick Gaudreau,"MIN, PIT",C,40,462.1830,4,12,3,9,16,0.519,1.558,2.077,72.73,10.00,3.39,70,55,45,14,2,5,4,2,2,0,0,3,10,15,17,41,21,132,136,49.25
Gabriel Vilardi,L.A,C,61,720.8830,7,11,6,5,18,0.583,0.916,1.498,78.26,14.00,5.35,90,68,64,27,3,3,8,4,4,0,0,16,11,13,17,61,20,255,332,43.44
Givani Smith,DET,R,32,287.7170,2,4,3,1,6,0.417,0.834,1.251,75.00,5.88,2.93,51,42,29,16,3,4,36,12,8,4,0,4,9,3,55,34,12,0,0,0.00
Haydn Fleury,"ANA, CAR, SEA",D,58,814.9330,5,1,0,1,6,0.368,0.074,0.442,30.00,6.67,2.65,155,105,32,4,1,6,10,5,5,0,0,3,26,6,82,90,63,0,0,0.00
Ian Mitchell,CHI,D,42,574.9500,2,4,1,3,6,0.209,0.417,0.626,35.29,9.09,1.08,55,31,17,2,0,3,14,7,7,0,0,4,11,1,20,48,38,0,0,0.00
Jack Studnicka,BOS,C,24,261.1170,1,3,2,1,4,0.230,0.689,0.919,80.00,3.45,2.67,50,40,30,13,1,4,2,1,1,0,0,3,3,8,12,30,9,48,57,45.71
Jacob Bryson,BUF,D,59,948.8500,1,6,2,4,7,0.063,0.379,0.443,18.92,3.23,1.18,84,50,21,2,1,1,18,9,9,0,0,6,22,6,45,80,56,0,0,0.00
Jacob Middleton,S.J,D,16,240.3830,0,1,1,0,1,0.000,0.250,0.250,11.11,0.00,0.52,28,23,7,0,6,0,15,6,5,1,0,5,4,6,24,12,16,9,0,100.00
Jaden Schwartz,"SEA, STL","C, L",61,871.8830,7,17,9,8,24,0.482,1.170,1.652,63.16,7.53,7.81,168,131,91,35,2,8,18,9,9,0,0,12,18,31,64,66,32,10,13,43.48
Jake Bean,"CAR, CBJ",D,61,907.4330,2,11,5,6,13,0.132,0.727,0.860,41.94,2.82,3.30,155,103,45,4,3,13,10,5,5,0,0,5,20,17,23,69,43,0,0,0.00
Jake DeBrusk,BOS,L,58,703.3830,5,11,5,6,16,0.427,0.938,1.365,72.73,5.43,7.92,137,114,94,38,9,10,6,3,3,0,0,12,9,30,36,58,22,8,7,53.33
Jake Evans,MTL,C,66,692.3500,5,10,5,5,15,0.433,0.867,1.300,62.50,6.94,5.14,115,92,71,28,0,8,15,6,5,1,0,15,19,11,109,99,31,263,248,51.47
Jake Muzzin,TOR,D,76,1345.2330,3,23,10,13,26,0.134,1.026,1.160,38.24,2.73,3.67,234,152,55,2,4,5,27,12,11,1,0,6,73,22,137,197,89,0,0,0.00
Jake Virtanen,VAN,R,38,425.7330,4,0,0,0,4,0.564,0.000,0.564,44.44,9.52,4.75,90,64,60,25,4,8,18,8,8,0,0,7,11,15,81,45,12,9,3,75.00
Jake Walman,STL,D,38,489.7330,1,3,2,1,4,0.123,0.368,0.490,28.57,1.61,2.72,121,86,38,3,0,3,10,5,5,0,0,4,24,8,33,28,28,0,2,0.00
Jakob Chychrun,ARI,D,77,1427.4670,13,17,9,8,30,0.546,0.715,1.261,56.60,7.69,7.16,359,261,72,16,4,22,40,20,20,0,0,8,38,20,82,97,93,0,0,0.00
James Neal,"EDM, STL",L,46,463.9170,5,4,2,2,9,0.647,0.517,1.164,64.29,8.20,4.02,102,76,53,19,5,3,6,3,3,0,0,3,12,9,38,43,9,2,7,22.22
Jamie Benn,DAL,L,71,951.9830,7,15,9,6,22,0.441,0.945,1.387,62.86,5.83,9.55,197,156,111,48,12,8,37,13,11,1,1,6,39,21,112,63,35,293,215,57.68
Jamie Drysdale,ANA,D,46,744.1330,3,5,1,4,8,0.242,0.403,0.645,34.78,6.25,2.12,118,81,15,4,1,3,8,4,4,0,0,6,23,6,15,29,41,0,0,0.00
Jamie Oleksiak,"DAL, SEA",D,77,1390.3330,6,13,5,8,19,0.259,0.561,0.820,42.22,5.77,5.65,185,137,57,19,6,15,40,13,10,2,1,6,45,23,194,120,86,0,0,0.00
Jansen Harkins,WPG,C,47,444.5670,2,2,1,1,4,0.270,0.270,0.540,44.44,6.25,2.84,69,46,38,13,2,2,4,2,2,0,0,6,13,10,23,31,6,14,11,56.00
Jared McCann,"PIT, SEA","C, L",59,680.6170,9,17,13,4,26,0.793,1.499,2.292,59.09,10.11,6.49,148,115,71,32,2,8,10,5,5,0,0,11,15,23,55,77,23,86,103,45.50
Jared Spurgeon,MIN,D,71,1106.4670,6,10,6,4,16,0.325,0.542,0.868,30.77,7.23,4.92,175,124,69,14,4,10,8,4,4,0,0,2,9,14,60,85,84,0,0,0.00
Jaret Anderson-Dolan,L.A,C,34,385.6830,6,4,2,2,10,0.933,0.622,1.556,62.50,20.00,2.83,53,41,31,17,2,3,2,1,1,0,0,2,6,3,50,37,17,123,146,45.72
Jason Demers,ARI,D,41,619.1830,0,4,2,2,4,0.000,0.388,0.388,21.05,0.00,1.76,90,60,20,4,1,8,20,9,9,0,0,2,12,7,60,53,28,0,0,0.00
Jason Dickinson,"DAL, VAN",C,71,908.7670,6,7,4,3,13,0.396,0.462,0.858,50.00,6.90,7.43,160,122,92,38,2,8,16,8,8,0,0,13,17,24,106,91,53,170,199,46.07
Jason Spezza,TOR,C,77,684.5670,10,17,11,6,27,0.876,1.490,2.366,90.00,11.63,8.07,156,122,75,35,7,12,12,6,6,0,0,8,36,28,34,49,19,249,182,57.77
Jay Beagle,"ARI, VAN",C,49,492.9170,1,4,3,1,5,0.122,0.487,0.609,50.00,3.45,4.17,49,38,34,22,3,6,14,7,7,0,0,5,5,10,64,29,13,244,164,59.80
Jayce Hawryluk,VAN,C,30,283.6000,2,3,3,0,5,0.423,0.635,1.058,55.56,11.11,2.03,33,24,22,10,0,2,9,3,2,1,0,2,12,5,43,17,11,1,1,50.00
Jean-Gabriel Pageau,NYI,C,70,890.5000,8,9,7,2,17,0.539,0.606,1.145,68.00,10.26,7.57,126,105,81,43,3,9,15,6,5,1,0,11,22,17,137,91,53,486,369,56.84
Jeff Carter,"L.A, PIT",C,72,924.3000,18,11,6,5,29,1.168,0.714,1.883,69.05,11.25,12.31,243,196,133,65,14,20,20,10,10,0,0,2,21,24,53,55,28,236,213,52.56
Jeff Skinner,BUF,L,74,969.2500,10,12,8,4,22,0.619,0.743,1.362,66.67,6.58,13.96,251,207,151,78,3,11,14,7,7,0,0,22,34,42,25,49,20,26,36,41.94
Jeremy Davies,NSH,D,16,224.6170,0,1,1,0,1,0.000,0.267,0.267,10.00,0.00,1.04,34,24,14,3,0,0,4,2,2,0,0,3,8,3,10,22,7,0,0,0.00
Jeremy Lauzon,"BOS, SEA",D,60,913.5500,1,8,5,3,9,0.066,0.525,0.591,27.27,1.59,1.82,132,86,25,3,3,6,38,16,14,2,0,9,23,9,128,110,48,0,0,0.00
Joe Thornton,"FLA, TOR",C,55,609.8830,4,11,5,6,15,0.394,1.082,1.476,48.39,10.81,2.75,59,49,37,14,4,2,14,7,7,0,0,4,32,15,42,33,12,48,58,45.28
Joel Edmundson,MTL,D,55,938.4830,2,8,2,6,10,0.128,0.511,0.639,22.22,2.86,2.29,163,109,39,3,3,8,12,6,6,0,0,5,61,4,85,76,56,0,0,0.00
Joel Hanley,DAL,D,42,512.4500,0,8,2,6,8,0.000,0.937,0.937,38.10,0.00,1.12,59,44,11,2,0,4,2,1,1,0,0,2,11,4,43,63,35,0,0,0.00
John Tavares,TOR,C,78,1134.6830,17,27,15,12,44,0.899,1.428,2.327,83.02,10.49,16.43,273,217,206,85,9,16,12,6,6,0,0,16,71,39,65,96,40,527,405,56.55
Jonathan Drouin,MTL,L,61,810.1000,5,18,10,8,23,0.370,1.333,1.703,67.65,5.43,6.49,145,118,78,29,7,7,20,10,10,0,0,4,24,20,55,31,11,24,31,43.64
Jonathan Huberdeau,FLA,L,76,963.2500,18,22,16,6,40,1.121,1.370,2.492,75.47,17.65,8.10,150,125,96,38,6,6,16,8,8,0,0,20,43,44,75,59,13,17,27,38.64
Jonathan Marchessault,VGK,C,71,1000.4000,19,23,16,7,42,1.140,1.379,2.519,80.77,12.50,14.29,298,212,155,51,7,22,29,13,12,1,0,9,29,33,57,74,19,39,54,41.94
Jonathan Toews,CHI,C,21,254.4830,0,7,4,3,7,0.000,1.650,1.650,87.50,0.00,1.13,34,23,19,7,1,0,4,2,2,0,0,4,6,15,6,25,3,138,98,58.47
Jordan Eberle,"NYI, SEA",R,76,1051.5330,21,13,9,4,34,1.198,0.742,1.940,69.39,15.00,13.59,225,190,155,67,5,3,16,8,8,0,0,10,15,28,44,111,33,4,8,33.33
Jordan Kyrou,STL,C ,76,985.4000,21,22,19,3,43,1.279,1.340,2.618,84.31,16.54,11.86,216,171,156,61,4,13,12,5,5,0,0,13,27,39,8,87,19,4,5,44.44
Jordan Martinook,CAR,L,64,689.9000,4,13,8,5,17,0.348,1.131,1.478,70.83,5.56,6.63,130,106,70,37,7,6,27,12,11,1,0,7,15,14,116,92,20,69,64,51.88
Jordan Staal,CAR,C,73,919.0000,8,19,9,10,27,0.522,1.240,1.763,75.00,8.89,10.23,152,126,111,61,1,16,22,11,11,0,0,7,23,15,168,85,19,574,408,58.45
Jordie Benn,"MIN, VAN, WPG",D,44,579.0000,1,10,6,4,11,0.104,1.036,1.140,31.43,2.08,1.61,98,68,22,4,2,6,6,3,3,0,0,1,19,5,22,38,48,0,0,0.00
Josh Anderson,MTL,R,75,1047.5170,19,10,6,4,29,1.088,0.573,1.661,82.86,12.75,14.39,278,223,176,73,11,9,31,14,13,1,0,12,18,22,185,100,30,11,7,61.11
Josh Bailey,NYI,R,66,900.4670,9,19,12,7,28,0.600,1.266,1.866,66.67,15.00,4.95,97,77,66,21,2,6,4,2,2,0,0,1,30,24,16,33,24,22,23,48.89
Josh Brown,OTT,D,39,457.9000,0,1,1,0,1,0.000,0.131,0.131,10.00,0.00,0.53,46,29,6,1,1,1,21,9,8,1,0,5,20,2,100,40,37,0,0,0.00
Josh Leivo,"CAR, CGY",L,40,397.5000,6,3,1,2,9,0.906,0.453,1.358,75.00,11.76,4.91,93,76,59,22,2,9,4,2,2,0,0,5,10,16,34,20,2,3,9,25.00
Josh Mahura,ANA,D,22,314.4830,2,4,2,2,6,0.382,0.763,1.145,46.15,9.52,1.04,52,35,16,3,2,1,2,1,1,0,0,2,13,1,24,49,19,0,0,0.00
Josh Manson,ANA,D,45,701.2830,1,6,4,2,7,0.086,0.513,0.599,24.14,2.17,1.92,101,63,30,8,2,8,31,14,13,1,0,6,29,19,100,61,31,0,0,0.00
Josh Morrissey,WPG,D,77,1425.1670,2,9,4,5,11,0.084,0.379,0.463,20.37,1.74,5.48,236,165,66,11,5,8,22,10,10,0,0,5,43,17,100,35,91,0,0,0.00
Jujhar Khaira,"CHI, EDM",L,55,570.8170,5,8,3,5,13,0.526,0.841,1.366,81.25,10.00,4.57,94,73,58,26,5,4,17,7,6,1,0,6,9,6,199,59,23,178,183,49.31
Julien Gauthier,NYR,R,41,397.0170,3,9,7,2,12,0.453,1.360,1.814,70.59,4.92,6.63,89,75,61,45,3,8,16,7,7,0,0,11,14,10,83,45,12,3,4,42.86
Justin Dowling,"DAL, VAN",C,38,355.2330,1,4,3,1,5,0.169,0.676,0.845,50.00,3.13,2.31,62,47,25,12,5,3,6,3,3,0,0,3,6,6,22,31,8,46,40,53.49
Justin Schultz,WSH,D,66,1062.9000,2,16,13,3,18,0.113,0.903,1.016,32.73,2.99,3.02,143,98,39,5,2,9,10,5,5,0,0,5,30,14,35,82,71,0,0,0.00
Kale Clague,L.A,D,29,403.5670,0,7,3,4,7,0.000,1.041,1.041,46.67,0.00,0.77,52,34,15,0,1,3,6,3,3,0,0,2,9,2,8,33,18,0,0,0.00
Keegan Kolesar,VGK,R,65,677.7170,4,15,7,8,19,0.354,1.328,1.682,73.08,5.33,8.68,121,104,85,46,6,11,44,13,7,6,0,8,16,17,168,97,27,83,103,44.62
Kevin Connauton,FLA,D,19,236.5170,0,1,0,1,1,0.000,0.254,0.254,6.67,0.00,0.80,40,24,11,2,0,2,4,2,2,0,0,1,7,2,37,47,10,0,0,0.00
Kirby Dach,CHI,C,39,550.1830,2,10,8,2,12,0.218,1.091,1.309,54.55,4.65,4.38,82,65,56,26,2,2,20,10,10,0,0,12,10,29,18,97,24,126,217,36.73
Kris Letang,PIT,D,72,1375.7170,5,22,12,10,27,0.218,0.959,1.178,40.91,3.68,5.57,283,194,75,7,4,16,24,12,12,0,0,7,55,21,106,112,74,0,0,0.00
Kris Russell,EDM,D,44,686.4500,0,9,4,5,9,0.000,0.787,0.787,37.50,0.00,1.77,103,62,19,6,2,7,10,5,5,0,0,3,30,9,41,69,85,0,0,0.00
Kurtis MacDermid,"COL, L.A",D,35,381.9670,2,2,0,2,4,0.314,0.314,0.628,30.77,10.00,0.88,49,33,12,2,0,4,27,9,6,3,0,4,17,1,53,19,31,0,0,0.00
Kyle Burroughs,"COL, VAN",D,23,273.3000,1,1,0,1,2,0.220,0.220,0.439,28.57,4.76,0.60,46,28,10,1,0,0,18,6,4,2,0,1,4,4,56,46,23,0,0,0.00
Kyle Clifford,"STL, TOR",L,53,497.2500,4,3,2,1,7,0.483,0.362,0.845,63.64,6.15,4.52,107,88,51,21,4,5,18,6,4,2,0,7,14,7,75,62,16,6,8,42.86
Kyle Turris,EDM,C,42,397.5170,3,4,3,1,7,0.453,0.604,1.057,70.00,9.38,2.70,67,44,35,13,3,2,8,4,4,0,0,3,9,10,22,29,9,93,93,50.00
Lane Pederson,"ARI, S.J",C,26,264.1000,1,1,0,1,2,0.227,0.227,0.454,28.57,5.56,2.25,37,32,21,10,2,1,8,4,4,0,0,1,4,7,60,29,8,38,50,43.18
Lawson Crouse,ARI,L,72,875.3170,9,9,8,1,18,0.617,0.617,1.234,64.29,8.91,11.70,184,156,122,56,8,12,21,9,8,1,0,10,13,27,199,61,29,18,20,47.37
Liam Foudy,CBJ,C,24,280.7670,0,4,3,1,4,0.000,0.855,0.855,40.00,0.00,3.16,60,48,36,19,3,3,6,3,3,0,0,4,5,6,13,22,5,2,7,22.22
Liam O'Brien,"ARI, COL",C,27,208.9330,1,4,3,1,5,0.287,1.149,1.436,100.00,6.67,1.14,34,23,11,7,3,4,15,6,5,1,0,11,3,2,68,29,4,1,2,33.33
Logan Couture,S.J,C,73,981.1170,17,13,6,7,30,1.040,0.795,1.835,58.82,17.35,9.85,167,126,103,50,9,9,16,8,8,0,0,7,20,33,76,62,41,397,442,47.32
Logan O'Connor,COL,R,40,419.8000,5,5,5,0,10,0.715,0.715,1.429,66.67,6.76,7.32,110,94,76,45,4,16,12,6,6,0,0,11,5,19,45,49,18,2,3,40.00
Logan Stanley,WPG,D,58,714.2670,1,8,3,5,9,0.084,0.672,0.756,26.47,1.19,2.66,188,137,31,2,4,6,28,11,9,2,0,5,31,9,86,75,48,0,0,0.00
Luke Schenn,"T.B, VAN",D,46,491.7330,2,4,4,0,6,0.244,0.488,0.732,31.58,4.08,1.70,110,73,29,5,4,5,33,9,4,5,0,3,12,6,123,76,17,0,0,0.00
MacKenzie Weegar,FLA,D,75,1359.4500,6,26,14,12,32,0.265,1.148,1.412,45.07,5.08,5.31,221,162,60,12,2,14,20,10,10,0,0,11,62,54,151,123,95,0,0,0.00
Marc Staal,DET,D,75,1137.8500,3,7,4,3,10,0.158,0.369,0.527,23.26,4.76,3.03,128,90,39,7,2,5,20,10,10,0,0,5,37,8,70,59,48,0,0,0.00
Marco Scandella,STL,D,70,1172.6830,3,5,1,4,8,0.153,0.256,0.409,18.18,3.85,3.04,147,92,44,12,3,9,24,12,12,0,0,3,36,19,86,87,77,0,0,0.00
Marcus Foligno,MIN,L,60,750.8830,13,17,10,7,30,1.039,1.358,2.397,65.22,20.97,7.21,90,80,71,46,5,5,45,17,14,3,0,10,17,17,160,88,23,0,7,0.00
Mario Ferraro,S.J,D,77,1413.0330,3,16,6,10,19,0.127,0.679,0.807,33.33,5.17,2.75,119,85,40,8,8,12,22,11,11,0,0,7,33,35,168,145,119,8,1,88.89
Mark Borowiecki,NSH,D,37,405.8830,0,1,0,1,1,0.000,0.148,0.148,8.33,0.00,0.79,68,49,5,1,0,0,25,11,10,1,0,6,7,2,80,30,44,0,0,0.00
Mark Friedman,"PHI, PIT",D,20,233.6670,1,5,1,4,6,0.257,1.284,1.541,40.00,5.56,1.31,32,29,9,4,0,2,13,5,4,1,0,5,3,2,30,51,18,0,1,0.00
Mark Giordano,"CGY, SEA",D,75,1220.3330,6,12,4,8,18,0.295,0.590,0.885,34.62,4.80,3.92,287,195,54,3,3,10,24,8,7,0,1,8,35,16,50,127,90,0,0,0.00
Mark Jankowski,PIT,C,45,387.7500,2,7,2,5,9,0.309,1.083,1.393,75.00,7.41,2.16,50,36,30,11,0,2,4,2,2,0,0,2,2,9,35,50,13,123,129,48.81
Mark Pysyk,"BUF, DAL",D,57,734.8670,3,5,2,3,8,0.245,0.408,0.653,32.00,3.85,4.75,130,105,51,21,6,10,22,11,11,0,0,3,18,15,50,55,36,0,0,0.00
Mark Scheifele,WPG,C,71,1166.1330,14,28,14,14,42,0.720,1.441,2.161,76.36,14.14,11.22,159,129,113,57,1,14,6,3,3,0,0,16,40,50,30,109,47,355,379,48.37
Mark Stone,VGK,R,64,889.5500,14,31,24,7,45,0.944,2.091,3.035,76.27,17.72,9.09,131,109,94,38,2,8,28,10,8,2,0,5,26,56,32,53,33,11,16,40.74
Mason Marchment,FLA,L,43,550.0830,3,12,6,6,15,0.327,1.309,1.636,62.50,4.84,5.23,110,90,62,23,2,6,16,8,8,0,0,11,10,15,95,96,9,12,33,26.67
Mathew Barzal,NYI,C,72,1067.1170,19,23,11,12,42,1.068,1.293,2.362,72.41,13.29,14.28,224,185,163,76,10,9,30,14,14,0,0,20,52,40,33,75,14,182,234,43.75
Mathieu Joseph,T.B,R,76,791.8830,14,9,4,5,23,1.061,0.682,1.743,69.70,20.59,6.23,109,88,74,32,5,5,12,5,5,0,0,12,15,23,117,106,23,49,73,40.16
Mathieu Olivier,NSH,R,35,355.6500,2,3,2,1,5,0.337,0.506,0.844,62.50,8.00,2.11,40,34,25,12,1,1,37,13,11,1,1,5,4,0,72,33,21,3,4,42.86
Mathieu Perreault,"MTL, WPG","C, L",64,638.4170,9,8,5,3,17,0.846,0.752,1.598,73.91,17.65,5.45,100,71,73,35,2,11,18,9,9,0,0,13,20,18,85,36,23,29,32,47.54
Matt Calvert,COL,L,18,201.0170,0,2,2,0,2,0.000,0.597,0.597,66.67,0.00,2.27,41,28,29,13,1,3,6,3,3,0,0,4,0,1,7,26,7,0,1,0.00
Matt Duchene,NSH,C,55,743.2830,10,11,8,3,21,0.807,0.888,1.695,61.76,10.99,8.75,156,127,113,43,4,6,10,5,5,0,0,15,22,18,32,40,15,162,134,54.73
Matt Dumba,MIN,D,72,1263.7330,5,12,7,5,17,0.237,0.570,0.807,33.33,4.90,5.31,217,146,60,16,1,22,28,14,14,0,0,8,36,14,92,57,90,0,0,0.00
Matt Irwin,BUF,D,24,337.8170,0,2,2,0,2,0.000,0.355,0.355,20.00,0.00,0.97,45,36,11,3,2,3,19,8,7,1,0,1,6,3,54,30,35,0,0,0.00
Matt Martin,NYI,L,69,724.0670,5,5,3,2,10,0.414,0.414,0.829,50.00,6.25,6.29,110,96,66,31,3,6,48,13,9,2,2,8,9,14,243,48,29,7,13,35.00
Matthew Highmore,"CHI, VAN",C,50,512.4330,3,6,1,5,9,0.351,0.703,1.054,60.00,6.52,4.40,77,66,46,25,2,3,10,5,5,0,0,9,13,10,51,86,26,1,5,16.67
Max Domi,CBJ,C,63,791.7830,8,16,13,3,24,0.606,1.212,1.819,80.00,9.09,6.37,145,110,75,19,4,8,27,12,11,1,0,10,38,25,15,38,11,167,179,48.27
Michael Amadio,"L.A, OTT, TOR, VGK",C,35,377.3330,0,2,2,0,2,0.000,0.318,0.318,22.22,0.00,2.96,51,39,35,13,4,3,4,2,2,0,0,3,9,9,16,43,20,98,100,49.49
Michael Bunting,"ARI, TOR",L,44,589.7000,12,10,6,4,22,1.221,1.017,2.238,81.48,16.22,9.66,126,102,95,49,3,5,18,9,9,0,0,11,10,17,52,52,5,7,5,58.33
Michael Dal Colle,NYI,L,26,303.9500,1,3,1,2,4,0.197,0.592,0.790,40.00,5.26,2.34,41,32,30,14,0,4,4,2,2,0,0,1,4,4,32,21,9,1,3,25.00
Michael Del Zotto,"CBJ, OTT",D,63,984.9830,5,12,4,8,17,0.305,0.731,1.036,36.17,6.49,3.19,137,101,34,11,2,9,8,4,4,0,0,1,32,9,136,50,55,0,0,0.00
Michael McLeod,N.J,C,71,836.4670,9,7,2,5,16,0.646,0.502,1.148,64.00,11.25,7.87,139,112,92,45,9,5,37,13,10,3,0,10,25,33,110,87,18,368,327,52.95
Michael Rasmussen,DET,C,62,723.6830,3,10,10,0,13,0.249,0.829,1.078,52.00,4.35,6.85,116,94,75,45,3,10,24,12,12,0,0,16,16,11,91,84,39,232,254,47.74
Michael Stone,CGY,D,22,303.4500,2,2,1,1,4,0.395,0.395,0.791,26.67,5.13,1.18,75,53,11,0,1,1,6,3,3,0,0,2,10,4,25,29,15,0,0,0.00
Mike Hoffman,"MTL, STL",C,65,800.6830,7,6,3,3,13,0.525,0.450,0.974,50.00,8.97,5.05,115,90,60,17,3,4,10,5,5,0,0,7,21,24,35,32,13,6,5,54.55
Mike Matheson,PIT,D,62,1056.3830,6,12,8,4,18,0.341,0.682,1.022,34.62,6.12,4.22,195,134,57,13,10,7,26,13,13,0,0,8,34,35,58,102,55,0,0,0.00
Milan Lucic,CGY,L,77,884.4000,13,14,7,7,27,0.882,0.950,1.832,72.97,15.29,7.05,136,110,89,31,4,5,41,12,8,3,1,12,40,23,187,78,17,10,21,32.26
Mitchell Marner,TOR,R,78,1221.0830,20,33,23,10,53,0.983,1.622,2.604,79.10,14.39,13.25,263,193,180,57,8,18,14,7,7,0,0,11,66,62,23,60,42,1,1,50.00
Mitchell Stephens,"DET, T.B",C,23,207.5670,0,5,3,2,5,0.000,1.445,1.445,83.33,0.00,1.24,32,22,15,4,0,3,4,2,2,0,0,1,3,2,17,8,8,84,71,54.19
Morgan Geekie,"CAR, SEA",C,57,527.3500,3,6,6,0,9,0.341,0.683,1.024,60.00,6.52,3.39,81,62,43,16,3,2,10,5,5,0,0,8,9,11,42,82,12,157,129,54.90
Morgan Rielly,TOR,D,78,1472.8000,5,22,7,15,27,0.204,0.896,1.100,38.57,4.42,4.95,229,160,78,10,4,8,14,7,7,0,0,2,84,28,82,165,69,0,0,0.00
Nathan Bastian,"N.J, SEA",R,55,570.7330,5,8,5,3,13,0.526,0.841,1.367,56.52,9.09,6.25,88,77,63,38,1,7,28,10,9,0,1,5,4,13,145,89,28,13,23,36.11
Nathan Beaulieu,WPG,D,35,415.5330,0,2,1,1,2,0.000,0.289,0.289,14.29,0.00,0.87,66,47,13,1,1,3,17,7,6,1,0,3,22,3,37,28,27,0,0,0.00
Nathan MacKinnon,COL,C,56,857.5000,8,32,24,8,40,0.560,2.239,2.799,74.07,5.76,10.96,264,196,145,38,6,16,23,9,8,1,0,22,26,18,38,49,23,228,256,47.11
Nazem Kadri,COL,C,74,955.4330,11,23,20,3,34,0.691,1.444,2.135,73.91,7.14,12.33,268,203,148,53,11,18,33,15,14,1,0,20,25,25,48,89,20,410,369,52.63
Nick Caamano,DAL,R,24,216.1670,0,1,1,0,1,0.000,0.278,0.278,33.33,0.00,1.82,48,38,23,10,1,3,8,4,4,0,0,6,7,5,41,25,7,1,0,100.00
Nick Cousins,NSH,C,69,778.7670,5,10,4,6,15,0.385,0.770,1.156,53.57,6.33,5.95,120,99,73,26,5,7,35,12,10,1,1,18,15,10,63,78,24,21,19,52.50
Nick Holden,"OTT, VGK",D,30,438.1330,0,3,3,0,3,0.000,0.411,0.411,23.08,0.00,1.69,73,47,20,4,0,1,4,2,2,0,0,1,6,6,44,53,32,0,0,0.00
Nick Paul,OTT,L,75,997.8330,7,8,5,3,15,0.421,0.481,0.902,46.88,5.93,9.06,223,179,114,35,7,8,26,10,8,2,0,6,22,42,97,89,41,221,168,56.81
Nick Ritchie,"BOS, TOR",L,79,949.4170,10,9,4,5,19,0.632,0.569,1.201,67.86,8.33,10.56,199,169,109,60,3,14,29,13,12,1,0,5,27,19,156,83,26,0,7,0.00
Nick Suzuki,MTL,C,79,1117.2330,10,21,9,12,31,0.537,1.128,1.665,73.81,8.70,11.18,206,159,127,52,9,19,22,11,11,0,0,11,45,36,85,91,45,388,468,45.33
Nicolas Beaudin,CHI,D,20,237.2000,2,1,0,1,3,0.506,0.253,0.759,30.00,25.00,0.44,18,10,8,4,0,1,2,1,1,0,0,0,18,4,14,26,21,0,0,0.00
Nicolas Deslauriers,ANA,L,71,787.6830,5,6,2,4,11,0.381,0.457,0.838,57.89,6.10,7.91,158,128,78,41,5,10,50,16,10,6,0,4,8,6,233,57,30,2,8,20.00
Nicolas Hague,VGK,D,73,1092.4500,8,17,8,9,25,0.439,0.934,1.373,45.45,7.34,5.19,244,163,67,12,8,9,39,18,17,1,0,7,26,21,111,192,82,0,0,0.00
Nicolas Roy,VGK,C,69,835.7330,8,13,8,5,21,0.574,0.933,1.508,52.50,10.39,8.89,129,104,102,50,2,16,20,10,10,0,0,10,23,30,72,51,31,206,270,43.28
Noah Dobson,NYI,D,61,878.2500,3,9,5,4,12,0.205,0.615,0.820,36.36,3.57,2.76,166,111,45,3,0,12,8,4,4,0,0,7,36,12,60,106,85,0,0,0.00
Noah Gregor,S.J,C,35,385.7500,5,2,1,1,7,0.778,0.311,1.089,70.00,7.46,4.30,113,88,49,19,4,3,8,4,4,0,0,4,6,14,56,29,21,20,46,30.30
Nolan Patrick,"PHI, VGK",C,56,609.7330,3,4,1,3,7,0.295,0.394,0.689,50.00,6.00,5.03,100,77,60,29,2,7,12,6,6,0,0,7,13,11,50,57,18,203,198,50.62
Owen Tippett,FLA,R,66,710.5830,7,16,13,3,23,0.591,1.351,1.942,71.88,6.60,8.55,170,140,95,34,3,12,12,5,5,0,0,5,21,36,75,61,12,10,18,35.71
P.K. Subban,N.J,D,63,1078.0170,3,17,9,8,20,0.167,0.946,1.113,50.00,3.13,3.62,209,134,49,6,10,4,22,11,11,0,0,4,51,19,59,62,61,0,0,0.00
Patrice Bergeron,BOS,C,72,874.6670,16,19,9,10,35,1.098,1.303,2.401,59.32,10.53,11.29,232,200,132,50,12,8,10,5,5,0,0,4,11,37,67,34,32,612,371,62.26
Patrick Marleau,S.J,C,56,624.6330,2,3,1,2,5,0.192,0.288,0.480,29.41,4.26,5.33,80,68,57,33,5,7,4,2,2,0,0,2,7,22,37,34,18,126,144,46.67
Paul Byron,MTL,L,46,492.5330,4,10,7,3,14,0.487,1.218,1.705,87.50,10.81,3.50,72,54,52,23,2,4,10,5,5,0,0,2,13,11,110,34,20,9,9,50.00
Philip Tomasino,NSH,C,19,203.1330,2,1,1,0,3,0.591,0.295,0.886,75.00,11.76,2.54,34,31,27,10,0,3,8,4,4,0,0,3,8,4,6,13,8,5,17,22.73
Philippe Myers,"NSH, PHI",D,52,859.0830,1,9,4,5,10,0.070,0.629,0.698,28.57,1.23,3.11,180,121,45,2,1,12,18,9,9,0,0,4,31,21,72,58,38,0,0,0.00
Phillip Danault,"L.A, MTL",C,73,977.2670,7,21,15,6,28,0.430,1.289,1.719,65.12,6.80,8.66,186,147,106,41,9,4,26,13,13,0,0,8,29,14,93,68,32,469,394,54.35
Pierre-Luc Dubois,"CBJ, WPG","C, L",67,912.1500,11,11,5,6,22,0.724,0.724,1.447,64.71,10.58,10.46,183,143,130,56,4,15,32,16,16,0,0,17,18,23,82,102,40,271,346,43.92
Reilly Smith,VGK,R,74,973.5000,13,13,9,4,26,0.801,0.801,1.602,59.09,10.48,12.92,213,165,143,71,8,19,14,7,7,0,0,6,26,26,53,60,19,0,1,0.00
Rhett Gardner,DAL,C,28,266.3000,1,1,0,1,2,0.225,0.225,0.451,33.33,4.55,2.29,51,38,25,11,2,6,6,3,3,0,0,3,4,5,52,27,10,42,57,42.42
Riley Nash,"CBJ, WPG",C,52,501.6500,2,4,3,1,6,0.239,0.478,0.718,37.50,4.76,3.16,63,56,35,13,2,3,4,2,2,0,0,4,8,13,42,57,18,156,144,52.00
Riley Sheahan,"BUF, SEA",C,68,711.7000,4,9,7,2,13,0.337,0.759,1.096,59.09,7.55,3.87,84,66,42,23,1,2,8,4,4,0,0,10,10,15,19,32,16,251,230,52.18
Riley Stillman,"CHI, FLA",D,33,448.2670,1,1,1,0,2,0.134,0.134,0.268,11.11,3.03,1.36,78,44,20,7,1,3,11,4,3,1,0,5,18,7,80,59,39,0,0,0.00
Robby Fabbri,DET,C,52,709.0670,11,11,9,2,22,0.931,0.931,1.862,73.33,11.34,8.61,151,124,94,46,4,5,18,9,9,0,0,14,20,9,63,63,26,88,108,44.90
Robert Bortuzzo,STL,D,57,682.4000,2,5,1,4,7,0.176,0.440,0.615,43.75,5.00,1.95,89,55,33,8,0,4,30,12,10,2,0,5,14,8,104,68,58,0,0,0.00
Robert Thomas,STL,C,54,688.2000,4,21,15,6,25,0.349,1.831,2.180,64.10,9.30,5.90,74,66,65,30,2,7,16,8,8,0,0,6,24,29,8,36,16,239,255,48.38
Ryan Ellis,"NSH, PHI",D,39,692.2330,4,12,9,3,16,0.347,1.040,1.387,53.33,6.78,2.07,126,76,34,5,3,14,10,4,4,0,0,6,23,7,19,34,51,0,0,0.00
Ryan Getzlaf,ANA,C,70,968.6000,2,21,11,10,23,0.124,1.301,1.425,67.65,2.17,6.96,159,118,75,26,4,8,31,11,8,3,0,6,57,28,92,44,60,460,387,54.31
Ryan Graves,"COL, N.J",D,73,1150.9670,3,15,7,8,18,0.156,0.782,0.938,32.73,2.56,4.41,272,172,62,14,13,13,33,15,14,1,0,5,31,21,96,93,74,0,0,0.00
Ryan Johansen,NSH,C,69,868.5330,7,14,6,8,21,0.484,0.967,1.451,67.74,10.94,6.24,102,85,67,30,5,6,26,13,13,0,0,6,22,17,54,34,22,417,404,50.79
Ryan Lomberg,FLA,L,46,420.7330,3,4,3,1,7,0.428,0.570,0.998,41.18,4.76,5.17,98,83,64,24,5,9,47,15,11,3,1,10,4,12,121,42,8,0,1,0.00
Ryan McLeod,EDM,C,22,214.1830,3,1,1,0,4,0.840,0.280,1.121,50.00,25.00,0.90,24,19,15,5,1,0,2,1,1,0,0,2,12,5,7,28,6,86,79,52.12
Ryan Murray,"COL, N.J",D,65,999.3670,0,15,4,11,15,0.000,0.901,0.901,32.61,0.00,1.59,85,57,20,5,2,3,6,3,3,0,0,1,26,12,49,66,79,0,0,0.00
Ryan Nugent-Hopkins,EDM,C,72,1018.5830,9,12,4,8,21,0.530,0.707,1.237,47.73,7.83,11.23,196,153,133,53,6,13,10,5,5,0,0,9,25,25,40,63,37,96,112,46.15
Ryan O'Reilly,STL,C,73,1045.2830,11,19,10,9,30,0.631,1.091,1.722,66.67,10.48,8.34,150,132,92,39,4,14,14,7,7,0,0,4,24,49,26,35,26,613,410,59.92
Ryan Pulock,NYI,D,68,1216.7170,1,14,8,6,15,0.049,0.690,0.740,27.27,0.89,4.24,211,142,52,11,2,9,4,2,2,0,0,2,30,10,107,112,110,0,0,0.00
Ryan Reaves,"NYR, VGK",R,53,517.9500,1,7,2,5,8,0.116,0.811,0.927,44.44,3.03,4.34,69,46,47,25,4,8,34,11,7,4,0,7,6,14,214,44,18,4,8,33.33
Ryan Strome,NYR,C,72,971.5670,11,21,12,9,32,0.679,1.297,1.976,65.31,9.40,10.62,183,143,112,51,2,11,35,16,15,1,0,9,32,18,26,58,18,336,451,42.69
Sam Bennett,"CGY, FLA",C,65,787.3000,11,17,9,8,28,0.838,1.296,2.134,68.29,8.40,11.65,212,168,141,61,3,17,54,16,12,2,2,14,29,17,133,75,23,184,210,46.70
Sam Carrick,ANA,C,27,296.3000,4,3,2,1,7,0.810,0.607,1.417,70.00,9.76,2.42,64,48,34,12,3,2,14,4,2,2,0,8,9,7,53,26,6,39,31,55.71
Sam Gagner,DET,C,64,697.1830,4,11,7,4,15,0.344,0.947,1.291,68.18,4.65,7.33,128,109,64,30,4,9,17,7,6,1,0,3,10,10,8,48,15,64,72,47.06
Sam Reinhart,"BUF, FLA","C, R",75,1106.4000,16,10,8,2,26,0.868,0.542,1.410,60.47,12.21,12.53,224,192,126,61,4,12,10,5,5,0,0,9,26,18,32,117,36,131,167,43.96
Sam Steel,ANA,C,57,687.1830,10,6,3,3,16,0.873,0.524,1.397,69.57,21.74,4.26,81,56,49,24,1,4,10,5,5,0,0,7,19,13,41,56,21,228,211,51.94
Sammy Blais,"NYR, STL",L,50,596.9000,8,11,7,4,19,0.804,1.106,1.910,67.86,17.78,5.02,81,63,61,29,1,5,16,8,8,0,0,9,13,11,138,80,18,5,4,55.56
Samuel Girard,COL,D,64,1182.4500,4,24,13,11,28,0.203,1.218,1.421,43.75,5.00,3.22,199,116,40,4,0,6,22,11,11,0,0,11,34,18,39,89,64,0,0,0.00
Scott Harrington,CBJ,D,18,253.4830,1,2,1,1,3,0.237,0.473,0.710,30.00,8.33,0.35,22,16,5,1,0,1,6,3,3,0,0,1,1,2,15,22,24,0,0,0.00
Scott Laughton,PHI,C,73,946.3500,10,11,9,2,21,0.634,0.697,1.331,63.64,10.53,7.77,156,121,84,41,3,9,29,13,12,1,0,12,22,22,177,56,41,281,276,50.45
Sean Couturier,PHI,C,65,897.7670,14,16,9,7,30,0.936,1.069,2.005,68.18,10.77,12.26,208,167,128,58,5,17,10,5,5,0,0,11,23,28,42,67,26,387,295,56.74
Sean Monahan,CGY,C,71,893.8000,5,13,10,3,18,0.336,0.873,1.208,69.23,5.68,8.19,149,117,98,40,5,14,12,6,6,0,0,10,39,39,59,39,25,336,365,47.93
Sean Walker,L.A,D,53,774.4500,4,12,4,8,16,0.310,0.930,1.240,50.00,4.26,4.02,166,125,47,11,7,4,22,11,11,0,0,1,21,9,43,72,65,0,0,0.00
Shea Theodore,VGK,D,72,1315.1830,10,21,8,13,31,0.456,0.958,1.414,41.89,6.41,7.91,341,212,99,23,5,30,16,8,8,0,0,8,46,36,22,74,62,0,0,0.00
Shea Weber,MTL,D,48,789.3330,2,6,4,2,8,0.152,0.456,0.608,26.67,2.82,1.98,151,99,28,1,1,6,18,9,9,0,0,3,44,8,59,43,43,0,0,0.00
Sidney Crosby,PIT,C,64,1011.9170,12,17,12,5,29,0.712,1.008,1.720,65.91,9.60,11.58,199,166,127,60,5,11,20,10,10,0,0,10,45,43,44,54,31,576,508,53.14
Simon Benoit,ANA,D,17,244.6330,1,0,0,0,1,0.245,0.000,0.245,14.29,10.00,0.49,23,18,8,0,0,2,2,1,1,0,0,0,10,0,58,22,15,0,0,0.00
Slater Koekkoek,EDM,D,29,302.2170,1,1,1,0,2,0.199,0.199,0.397,25.00,5.56,0.57,51,29,14,2,2,6,10,5,5,0,0,2,11,4,21,34,32,0,0,0.00
Steven Lorentz,CAR,C,63,625.8500,5,6,1,5,11,0.479,0.575,1.055,55.00,8.62,6.39,109,87,68,37,2,3,10,5,5,0,0,4,12,20,67,104,20,175,158,52.55
Steven Stamkos,T.B,C,58,743.4670,12,15,11,4,27,0.968,1.211,2.179,69.23,15.79,7.56,137,107,87,40,11,7,16,7,7,0,0,7,7,11,54,37,15,190,192,49.74
Tanner Jeannot,NSH,L,36,437.9330,9,4,3,1,13,1.233,0.548,1.781,68.42,16.67,5.15,78,64,57,30,4,5,16,8,8,0,0,4,11,5,111,42,16,2,5,28.57
Tanner Pearson,VAN,L,73,964.3670,9,10,6,4,19,0.560,0.622,1.182,50.00,6.98,10.51,205,170,112,48,8,14,22,6,5,0,1,12,25,27,75,70,32,6,9,40.00
Taylor Hall,"BOS, BUF",L,71,972.4330,7,20,9,11,27,0.432,1.234,1.666,62.79,5.30,10.90,226,178,130,63,8,14,24,8,7,0,1,16,31,22,42,100,24,6,4,60.00
Thomas Chabot,OTT,D,68,1455.1330,5,22,15,7,27,0.206,0.907,1.113,47.37,3.40,6.43,292,198,78,21,6,18,28,13,13,0,0,16,91,18,90,149,88,0,0,0.00
Tom Wilson,WSH,R,69,902.3330,12,26,14,12,38,0.798,1.729,2.527,67.86,14.81,6.89,147,110,87,44,4,9,56,17,13,2,2,22,29,19,144,100,33,12,8,60.00
Travis Dermott,TOR,D,67,862.7000,1,4,0,4,5,0.070,0.278,0.348,18.52,2.13,2.09,107,66,27,5,3,3,14,7,7,0,0,6,39,7,58,90,46,0,0,0.00
Travis Hamonic,VAN,D,45,761.4830,3,7,3,4,10,0.236,0.552,0.788,45.45,3.41,2.84,171,113,33,4,1,8,12,6,6,0,0,5,21,10,57,76,87,0,0,0.00
Travis Konecny,PHI,R,70,918.9330,10,19,11,8,29,0.653,1.241,1.893,80.56,8.06,10.95,228,181,122,44,9,20,24,12,12,0,0,16,18,24,75,90,19,5,7,41.67
Travis Sanheim,PHI,D,75,1374.9170,2,13,6,7,15,0.087,0.567,0.655,30.61,1.82,5.36,233,159,64,14,3,15,14,7,7,0,0,8,40,19,52,107,77,0,0,0.00
Travis Zajac,"N.J, NYI",C,46,584.5170,8,11,4,7,19,0.821,1.129,1.950,86.36,18.18,4.06,79,58,46,22,2,3,4,2,2,0,0,5,14,24,47,32,15,248,217,53.33
Troy Stecher,DET,D,50,781.6000,2,8,3,5,10,0.154,0.614,0.768,34.48,3.77,1.68,133,83,32,3,3,2,12,6,6,0,0,4,33,8,41,79,47,0,0,0.00
Ty Dellandrea,DAL,C,26,270.8330,1,1,1,0,2,0.222,0.222,0.443,25.00,4.35,1.96,43,30,22,10,0,2,12,6,6,0,0,4,3,2,45,35,10,33,41,44.59
Ty Smith,N.J,D,62,1012.6170,2,15,11,4,17,0.119,0.889,1.007,45.95,3.03,3.44,184,104,51,6,9,10,22,11,11,0,0,8,33,12,41,46,45,3,0,100.00
Tyler Bertuzzi,DET,L,28,400.3670,7,7,3,4,14,1.049,1.049,2.098,73.68,14.89,4.92,75,63,56,26,0,3,12,6,6,0,0,5,24,16,26,23,14,6,6,50.00
Tyler Bozak,STL,C,52,577.6500,3,11,6,5,14,0.312,1.143,1.454,77.78,7.50,3.36,59,51,44,17,0,6,14,7,7,0,0,5,8,14,26,33,20,230,189,54.89
Tyler Ennis,"EDM, OTT","C, R",48,537.6330,3,12,7,5,15,0.335,1.339,1.674,78.95,5.77,4.89,81,71,53,29,3,5,8,4,4,0,0,7,14,13,70,58,13,13,3,81.25
Tyler Myers,VAN,D,77,1319.2670,5,15,11,4,20,0.227,0.682,0.910,40.82,4.31,4.20,213,141,56,8,4,12,49,19,17,1,1,4,45,20,89,76,83,0,0,0.00
Tyler Seguin,DAL,C,22,314.3170,5,2,2,0,7,0.954,0.382,1.336,77.78,12.82,2.89,57,44,31,16,1,4,6,3,3,0,0,1,8,6,26,10,7,109,89,55.05
Tyler Toffoli,MTL,"C, R",75,983.5330,16,13,9,4,29,0.976,0.793,1.769,74.36,10.96,12.42,257,198,161,61,9,12,18,9,9,0,0,4,31,24,101,52,18,21,30,41.18
Tyson Barrie,EDM,D,76,1262.8670,5,23,9,14,28,0.238,1.093,1.330,41.18,3.38,5.66,279,187,69,12,3,11,10,5,5,0,0,9,46,15,34,109,74,0,0,0.00
Tyson Jost,COL,C,72,842.3830,8,11,7,4,19,0.570,0.783,1.353,51.35,7.69,9.00,176,137,111,44,5,13,20,10,10,0,0,20,9,24,60,132,18,162,194,45.51
Victor Mete,"MTL, OTT",D,41,560.5170,1,8,5,3,9,0.107,0.856,0.963,40.91,3.23,1.46,59,43,22,4,4,2,6,3,3,0,0,1,16,8,20,59,40,0,0,0.00
Vince Dunn,"SEA, STL",D,62,1021.4000,5,9,3,6,14,0.294,0.529,0.822,43.75,6.33,3.78,184,105,55,8,4,7,23,10,9,1,0,5,40,12,56,64,59,0,0,0.00
Warren Foegele,"CAR, EDM",L,73,908.1330,10,15,10,5,25,0.661,0.991,1.652,73.53,9.26,12.90,193,157,143,73,8,19,18,9,9,0,0,11,32,19,94,91,15,18,23,43.90
Wayne Simmonds,TOR,R,60,592.6330,7,7,2,5,14,0.709,0.709,1.417,87.50,7.61,9.13,139,116,96,54,4,5,24,9,7,2,0,7,26,16,95,62,18,5,13,27.78
William Carrier,VGK,L,65,673.2500,8,11,9,2,19,0.713,0.980,1.693,70.37,10.13,9.18,127,105,86,57,5,13,24,12,12,0,0,16,11,16,154,73,14,3,5,37.50
Wyatt Kalynuk,CHI,D,22,310.5330,4,1,1,0,5,0.773,0.193,0.966,38.46,17.39,1.10,43,33,12,3,2,2,2,1,1,0,0,0,18,3,26,52,20,0,0,0.00
Yanni Gourde,"SEA, T.B",C,73,971.0170,14,18,16,2,32,0.865,1.112,1.977,78.05,12.39,11.15,170,145,119,68,5,16,21,9,8,1,0,12,17,25,66,108,21,359,358,50.07
Zach Hyman,"EDM, TOR",L,63,915.1500,14,17,8,9,31,0.918,1.115,2.032,64.58,10.77,14.31,216,173,167,96,4,18,20,10,10,0,0,9,15,24,77,134,22,19,23,45.24
Zach Whitecloud,VGK,D,60,922.8500,4,11,5,6,15,0.260,0.715,0.975,38.46,5.97,3.50,153,103,43,11,3,13,22,11,11,0,0,6,17,9,93,165,72,0,0,0.00
Zack Kassian,EDM,R,43,508.5500,5,7,6,1,12,0.590,0.826,1.416,70.59,14.29,3.90,67,53,44,25,2,3,26,10,8,2,0,2,15,9,124,30,4,2,3,40.00
Zack MacEwen,"PHI, VAN",C,52,457.7170,2,1,0,1,3,0.262,0.131,0.393,23.08,4.08,4.23,86,70,41,21,5,2,43,13,8,5,0,7,8,12,98,50,19,6,6,50.00
